,results
0,0.0
1,2.9802322e-08
2,1.4901161e-07
3,2.0861626e-07
4,7.241964e-05
5,3.7252903e-06
6,4.7385693e-06
7,1.809001e-05
8,8.225441e-06
9,1.4483929e-05
10,1.2546778e-05
11,1.7791986e-05
12,1.898408e-05
13,1.6987324e-05
14,5.993247e-05
15,4.2259693e-05
16,5.301833e-05
17,6.613135e-05
18,0.00012516975
19,7.6919794e-05
20,0.00016149879
21,7.7694654e-05
22,0.00019294024
23,0.00018048286
24,0.0003476739
25,0.0001936853
26,0.00033003092
27,0.00017157197
28,0.0007908046
29,0.00041773915
30,4.4852495e-05
31,0.0007984936
32,0.00077420473
33,0.0011231601
34,0.0017157197
35,0.0012806058
36,0.002127856
37,0.0023930967
38,0.0015935004
39,0.0025173426
40,0.0018555224
41,0.0012905002
42,0.009334296
43,0.004385203
44,0.0021537244
45,0.0026692152
46,0.0014795661
47,0.0055939853
48,0.00514853
49,0.0073194504
50,0.0059025288
51,0.008488864
52,0.011828303
53,0.010098189
54,0.006950021
55,0.00942716
56,0.011557221
57,0.008857101
58,0.0138961375
59,0.012895912
60,0.021847129
61,0.01788804
62,0.019476414
63,0.040670216
64,0.053235084
65,0.030412108
66,0.0279499
67,0.031377614
68,0.037681878
69,0.030914545
70,0.033299834
71,0.04049471
72,0.09496969
73,0.056940407
74,0.07256979
75,0.0515981
76,0.04660383
77,0.04954505
78,0.064098656
79,0.040183365
80,0.041336298
81,0.13612601
82,0.09438038
83,0.10913491
84,0.13602945
85,0.07652944
86,0.24683022
87,0.11179304
88,0.11458108
89,0.13850272
90,0.16195601
91,0.15505785
92,0.16032147
93,0.23703447
94,0.40917164
95,0.20808655
96,0.15364382
97,0.24311578
98,0.27787694
99,0.36920324
100,0.45562938
101,0.23077926
102,0.107668966
103,0.35109007
104,0.4487087
105,0.51641124
106,0.8115785
107,0.7165902
108,0.6848623
109,0.5737407
110,0.6901655
111,0.6466062
112,0.83884573
113,0.7569555
114,0.8571104
115,0.5848166
116,0.7141845
117,0.9013932
118,0.73689973
119,0.71599674
120,0.07932186
121,0.7549499
122,0.67991936
123,0.6952221
124,0.8301575
125,0.8834717
126,0.8005339
127,0.8062253
128,0.87741387
129,0.7937747
130,0.7738842
131,0.718879
132,0.8826332
133,0.65433943
134,0.89651424
135,0.897261
136,0.8250755
137,0.12378594
138,0.89811337
139,0.9163797
140,0.8736658
141,0.95635164
142,0.9385897
143,0.92885125
144,0.93944716
145,0.9514625
146,0.95273983
147,0.96101725
148,0.95887375
149,0.9824294
150,0.9719228
151,0.98713815
152,0.9608015
153,0.98792595
154,0.9862021
155,0.98344254
156,0.9918367
157,0.9921867
158,0.99724543
159,0.97477704
160,0.9955774
161,0.99834585
162,0.99814147
163,0.9980651
164,0.99869967
165,0.9994806
166,0.99854547
167,0.99942815
168,0.9995935
169,0.9150991
170,0.99912226
171,0.999254
172,0.9995483
173,0.99958754
174,0.99973226
175,0.99977064
176,0.99988616
177,0.99989736
178,0.99986833
179,0.9998312
180,0.9999087
181,0.999946
182,0.9998834
183,0.9999471
184,0.99998724
185,0.99997544
186,0.99998164
187,0.9999877
188,0.99998325
189,0.9999914
190,0.99999404
191,0.99852884
192,0.9999928
193,0.99999297
194,0.99999285
195,0.99960876
196,0.9999996
197,0.9999996
198,0.9999999
199,0.99999994
200,1.0
201,1.0
202,1.0
203,0.07903314
204,0.80190635
205,0.0070622563
206,0.32572722
207,0.99999744
208,8.59499e-05
209,0.00038713217
210,0.656541
211,0.00048068166
212,0.21807042
213,0.0034750104
214,0.08570078
215,0.061059475
216,0.94313437
217,0.00016358495
218,0.026604086
219,0.15000033
220,0.060534418
221,0.60967225
222,0.40781605
223,0.0017125607
224,6.225705e-05
225,0.8049257
226,0.27840972
227,0.99999607
228,4.118681e-05
229,0.0035300255
230,0.06916258
231,0.9999565
232,0.9998561
233,0.9999988
234,0.33649945
235,0.6364666
236,0.029775321
237,0.9946804
238,0.7345172
239,0.016084403
240,0.9999998
241,0.5741954
242,0.0006545782
243,0.43442917
244,0.46295178
245,0.15212852
246,0.8305733
247,0.01323235
248,1.3709068e-06
249,0.028595686
250,0.19951361
251,0.90504324
252,0.0074644387
253,0.00084358454
254,0.9091628
255,0.006223649
256,0.99864
257,0.28461605
258,0.019628227
259,0.002905935
260,0.00012525916
261,0.5684715
262,0.80569094
263,0.9913392
264,0.9999734
265,0.038972944
266,0.9999888
267,0.021368712
268,1.0
269,0.37743717
270,0.9999382
271,0.7723492
272,0.012543261
273,0.5966782
274,0.0027956963
275,0.00021383166
276,0.001953572
277,0.8130326
278,1.0
279,0.012485385
280,0.9989376
281,0.00072681904
282,0.12362823
283,0.7582929
284,0.97144467
285,0.9319689
286,0.0001705885
287,0.7829232
288,0.9309021
289,0.78320587
290,0.99874187
291,1.0
292,0.009897709
293,1.0
294,0.15792647
295,0.016016513
296,0.009463847
297,0.30088377
298,0.0070696473
299,0.014779836
300,0.8249607
301,0.25113153
302,0.001085937
303,7.432699e-05
304,9.62615e-06
305,0.015877038
306,0.99918234
307,0.028487533
308,0.115573674
309,1.0
310,0.99739826
311,0.00077813864
312,0.08594638
313,0.001095891
314,0.14274463
315,0.05664417
316,0.38083115
317,0.8629675
318,0.9651035
319,0.13659543
320,0.13873336
321,0.9894508
322,0.00010514259
323,0.05787134
324,0.045384973
325,0.012471408
326,0.3960616
327,1.0
328,0.0021507442
329,0.42694765
330,0.9999971
331,1.0728836e-06
332,0.94062513
333,0.9996016
334,6.2584877e-07
335,0.9941901
336,0.7447379
337,0.0013218522
338,6.9856644e-05
339,0.99997735
340,0.0101899505
341,0.41438702
342,2.2530556e-05
343,3.9041042e-06
344,0.3337947
345,0.96317625
346,0.018611401
347,0.8861393
348,0.99656534
349,0.8580358
350,2.002716e-05
351,0.99657786
352,1.3411045e-05
353,0.023091674
354,0.025202781
355,0.0075814426
356,1.0
357,0.95540524
358,0.0005508363
359,0.9974816
360,1.0
361,0.00058990717
362,0.9552539
363,0.1984002
364,2.5123358e-05
365,0.9783212
366,0.007542342
367,0.7254633
368,0.097088724
369,0.9999549
370,0.9999588
371,0.73242086
372,0.9896376
373,0.9593589
374,2.2649765e-06
375,0.06975621
376,0.5422298
377,0.50376683
378,0.03236085
379,0.9999839
380,0.06856075
381,0.8674651
382,0.097190976
383,0.08318442
384,0.9990058
385,0.9763658
386,0.0040513575
387,0.9999993
388,0.99520254
389,0.68812025
390,0.044131905
391,9.23574e-05
392,0.00052407384
393,0.32363492
394,0.015920341
395,1.0
396,0.0017673373
397,0.028297901
398,0.006113529
399,0.99999994
400,0.8581884
401,0.7326758
402,0.03967157
403,0.9999771
404,0.99810183
405,0.00031131506
406,0.024594367
407,0.0139504075
408,0.9335798
409,0.014705509
410,4.6521425e-05
411,1.0
412,0.004588604
413,0.14303356
414,0.017953306
415,0.9999076
416,0.99269307
417,0.0015790164
418,0.0047012866
419,0.01469475
420,0.9985218
421,0.010635018
422,0.00091034174
423,0.054857284
424,0.11616847
425,0.98335224
426,0.62472904
427,0.99841905
428,0.9427406
429,0.9999914
430,6.443262e-05
431,0.97096306
432,0.99981093
433,0.5415165
434,0.903335
435,0.01062119
436,0.9999805
437,0.00021249056
438,0.051362485
439,0.00021895766
440,2.104044e-05
441,0.9997175
442,0.4062671
443,0.9999999
444,0.0048535466
445,0.9804841
446,0.0002245307
447,0.9999552
448,0.28774625
449,0.99997914
450,0.999823
451,0.0005860925
452,0.032348275
453,0.061470896
454,0.39806968
455,0.01986447
456,0.99689984
457,0.9889339
458,0.2614591
459,0.28897795
460,0.71183276
461,0.07557893
462,0.99999434
463,0.99999964
464,0.99994814
465,0.9693403
466,0.8764384
467,0.9734724
468,0.012401819
469,0.19176713
470,0.99999976
471,0.000100046396
472,0.0015846491
473,0.00012028217
474,0.9996016
475,0.031041414
476,0.76691747
477,0.09230223
478,0.51726794
479,0.016861409
480,0.9999182
481,0.9999814
482,1.0
483,0.94411427
484,0.9593662
485,0.3721097
486,0.996734
487,0.9989583
488,0.9975172
489,0.9994664
490,0.99316823
491,0.99983525
492,0.0026751757
493,1.0
494,0.0011539757
495,0.99858534
496,0.7756671
497,0.9999998
498,0.9898579
499,0.0049987137
500,0.093049645
501,0.83474064
502,0.00056153536
503,0.999642
504,0.718952
505,0.9999922
506,0.023275465
507,8.046627e-07
508,0.9713526
509,0.5439465
510,0.99999946
511,0.9943868
512,0.99849045
513,0.64797366
514,0.4239302
515,0.92734396
516,1.0
517,0.96932554
518,0.99650466
519,0.00444898
520,0.34054142
521,0.5778985
522,0.97589004
523,0.69909227
524,0.7362307
525,0.000764519
526,0.9964951
527,0.9993394
528,0.002798915
529,0.00021535158
530,1.0
531,0.15976593
532,0.99938357
533,0.027913332
534,0.0007863343
535,0.030736208
536,0.23626548
537,0.9999999
538,0.0014891028
539,0.48609328
540,0.007417321
541,0.99994314
542,3.796816e-05
543,0.0144149065
544,0.44919252
545,0.0014851391
546,0.9999993
547,0.00018629432
548,0.9480511
549,0.9665245
550,0.22995842
551,0.065919966
552,0.8638595
553,0.003815174
554,0.04930052
555,0.94778275
556,0.05158049
557,0.011497349
558,0.96176225
559,0.78137124
560,0.07708463
561,0.00025895238
562,0.9993135
563,0.94498575
564,0.99744004
565,6.2584877e-07
566,0.9998486
567,8.08239e-05
568,0.52395606
569,5.465746e-05
570,0.99999857
571,0.00036409497
572,0.004896134
573,0.0042259395
574,0.4398797
575,0.22783977
576,0.99985576
577,0.99989796
578,0.9999609
579,3.20673e-05
580,0.8617358
581,0.03228244
582,0.9906672
583,0.00036889315
584,0.71954113
585,0.97779435
586,0.579255
587,0.8106637
588,0.7054599
589,0.59107745
590,0.046161562
591,0.97495836
592,0.99927163
593,0.0024626255
594,0.0002619624
595,0.18039203
596,0.94773686
597,1.2010336e-05
598,6.2584877e-07
599,0.00047248602
600,7.748604e-07
601,0.9965748
602,0.9999994
603,0.11792761
604,0.0018259585
605,0.007981598
606,0.34000444
607,0.014900804
608,0.9999789
609,0.90620697
610,0.9913056
611,0.36398655
612,0.5155412
613,0.7940705
614,5.3346157e-06
615,0.06181377
616,0.005824417
617,1.013279e-06
618,0.015405834
619,0.016468912
620,0.99991393
621,0.996546
622,0.8836684
623,0.0060786307
624,0.00010073185
625,0.9995294
626,0.98938894
627,0.9999999
628,0.034333795
629,0.45248294
630,0.11089507
631,0.84510255
632,0.18122643
633,0.9998323
634,0.07360947
635,0.99992764
636,0.24744368
637,0.9958373
638,0.006403208
639,0.99994195
640,0.00954628
641,0.9200777
642,0.14892972
643,0.9999989
644,0.63013524
645,0.9995928
646,0.0066593885
647,0.99864876
648,7.7188015e-06
649,0.99423814
650,0.0009123981
651,0.99998176
652,0.0001245141
653,0.9949589
654,0.21596965
655,0.9602115
656,0.9847741
657,0.123913735
658,0.05956781
659,0.00024744868
660,4.172325e-07
661,0.07568446
662,0.6660639
663,0.625257
664,4.4554472e-05
665,0.6904337
666,1.4424324e-05
667,0.0018592775
668,0.00085765123
669,0.00079384446
670,0.999228
671,0.3259921
672,0.013757408
673,1.9937754e-05
674,0.99999857
675,0.75076115
676,0.00010418892
677,0.003140092
678,0.955845
679,0.00020989776
680,0.9999999
681,0.005368322
682,0.5865875
683,0.92249525
684,0.8173177
685,0.9996501
686,0.9931551
687,0.02189508
688,3.5762787e-07
689,0.037138164
690,0.0019551516
691,0.005891502
692,0.046634436
693,0.63902557
694,0.00051507354
695,0.037918955
696,0.8565049
697,0.0
698,2.9802322e-07
699,0.0009237528
700,0.0020751953
701,0.009150207
702,3.3974648e-06
703,0.29797947
704,0.9999998
705,0.5502308
706,0.71760476
707,0.37135816
708,0.0010595024
709,0.0021407306
710,0.5055266
711,0.12957716
712,3.7312508e-05
713,0.99796224
714,0.9113952
715,1.1026859e-06
716,0.043569803
717,0.07031757
718,0.003325224
719,2.4616718e-05
720,0.011519104
721,0.82632816
722,0.0047780275
723,3.0606985e-05
724,0.14118013
725,0.034050435
726,0.013891399
727,0.030506074
728,0.02474603
729,0.00036779046
730,0.010225087
731,0.018279493
732,0.99997336
733,0.32922074
734,0.8933456
735,1.4513731e-05
736,0.00012734532
737,0.99999344
738,0.99990743
739,0.9349531
740,0.15327758
741,0.99963146
742,0.0054647923
743,0.9951122
744,0.101337254
745,0.00048840046
746,0.04704365
747,0.97799724
748,3.144145e-05
749,0.9996279
750,8.940697e-08
751,2.0742416e-05
752,0.0016862154
753,0.36649382
754,0.96953905
755,5.015731e-05
756,0.99994355
757,0.26249343
758,0.00093492866
759,0.022026509
760,0.21480039
761,0.008725792
762,0.8776163
763,0.001293987
764,0.0018647611
765,0.99974823
766,9.268522e-06
767,4.208088e-05
768,0.0048691034
769,0.5129451
770,0.00030323863
771,0.7429658
772,0.6532114
773,0.58418953
774,5.662441e-07
775,0.0034827292
776,0.20106989
777,0.00040966272
778,0.3538276
779,0.0013868213
780,0.016949534
781,0.19210479
782,0.00061523914
783,0.76860297
784,0.99994695
785,0.00034835935
786,0.9937692
787,4.068017e-05
788,0.0842295
789,0.15604684
790,3.8802624e-05
791,1.6093254e-06
792,0.56195545
793,0.14833316
794,0.0024365485
795,0.6058027
796,0.076384336
797,6.112456e-05
798,0.32615423
799,0.050369263
800,0.24990642
801,0.03083685
802,0.21794355
803,7.638335e-05
804,0.94507825
805,0.0002668798
806,0.03859043
807,0.9999943
808,1.7881393e-07
809,0.1193662
810,0.998485
811,0.6800558
812,0.0002938211
813,0.97316515
814,0.21010438
815,6.571412e-05
816,0.11430001
817,0.95722145
818,0.00010347366
819,5.155802e-06
820,3.4034252e-05
821,0.98893857
822,0.9368211
823,0.9827167
824,0.0013394058
825,1.79708e-05
826,0.00021725893
827,0.8510357
828,0.029937238
829,5.9604645e-07
830,0.84255505
831,6.2584877e-07
832,0.9996315
833,0.99993694
834,0.0006572604
835,0.9979647
836,0.006221324
837,6.854534e-07
838,0.023954988
839,0.10995978
840,0.09692463
841,0.999838
842,0.00383538
843,0.00018242002
844,0.0070079267
845,0.0028916895
846,0.062540084
847,0.2737187
848,0.0046852827
849,0.36643165
850,0.9954389
851,6.377697e-06
852,0.00031736493
853,0.02418831
854,0.00010445714
855,0.9560951
856,0.2512332
857,0.00063303113
858,0.002132237
859,5.066395e-07
860,1.3053417e-05
861,0.00012919307
862,0.64699745
863,0.0014440417
864,0.07580069
865,0.31085062
866,5.888939e-05
867,2.0861626e-07
868,2.9534101e-05
869,2.3275614e-05
870,0.6154982
871,0.088475615
872,0.96859217
873,0.9987592
874,0.7709526
875,0.09228733
876,0.101677835
877,0.98114353
878,0.0009984374
879,0.9999013
880,0.019965589
881,3.2782555e-07
882,2.7775764e-05
883,0.99962723
884,0.9998784
885,0.08204356
886,0.9737718
887,0.022126853
888,0.00068315864
889,0.007839918
890,4.9471855e-06
891,0.0065948963
892,3.2782555e-06
893,0.2212567
894,0.98424256
895,0.0066477954
896,3.5762787e-07
897,0.94618595
898,0.00026610494
899,9.5427036e-05
900,0.02658531
901,0.059185
902,0.0001410842
903,0.9985187
904,0.00036251545
905,5.9604645e-08
906,0.0013678372
907,0.0009176433
908,0.16104779
909,0.0
910,0.10886857
911,1.1622906e-06
912,0.9893382
913,0.005878687
914,0.4343955
915,0.00017848611
916,0.94696903
917,0.9628316
918,4.4375658e-05
919,2.9116869e-05
920,0.001018703
921,0.019112974
922,3.6895275e-05
923,5.364418e-07
924,0.8665365
925,0.0001372397
926,9.23872e-07
927,0.09737715
928,3.0189753e-05
929,3.33786e-06
930,0.0022374094
931,0.9999999
932,7.8737736e-05
933,0.0030413568
934,0.052707106
935,0.00012654066
936,2.3841858e-07
937,0.99221236
938,0.063883334
939,0.00160411
940,0.7839978
941,0.95518947
942,0.9989463
943,0.98978984
944,1.66893e-06
945,7.2687864e-05
946,0.010643512
947,0.00011232495
948,7.548928e-05
949,0.9948225
950,0.0020657182
951,0.0034745634
952,3.5762787e-07
953,0.99999994
954,0.9996841
955,0.010592759
956,0.7609658
957,1.0639429e-05
958,0.2753297
959,0.00031378865
960,0.0
961,0.71666086
962,0.4227228
963,0.97220063
964,0.89890563
965,6.4074993e-06
966,0.049299
967,0.7523957
968,0.0008688867
969,0.00042292476
970,0.00057581067
971,0.8773229
972,0.12445256
973,0.03618422
974,0.38860273
975,0.00111714
976,2.3841858e-07
977,0.000117868185
978,0.0010641515
979,0.08973828
980,0.013665587
981,0.004003674
982,0.8982885
983,1.6391277e-06
984,0.04289928
985,4.2945147e-05
986,1.6957521e-05
987,0.9161551
988,0.9475453
989,0.9998921
990,0.022027254
991,0.00025111437
992,0.004702002
993,0.00033181906
994,0.0024696887
995,0.9907768
996,0.78784454
997,0.0
998,0.0
999,0.032895863
1000,0.123281896
1001,3.3318996e-05
1002,0.0047649443
1003,0.043188483
1004,0.7818828
1005,0.9853878
1006,0.8655388
1007,0.99295986
1008,1.1920929e-07
1009,0.00015211105
1010,0.40185001
1011,0.5437983
1012,0.9957098
1013,6.759167e-05
1014,0.15064365
1015,0.97494924
1016,1.4901161e-07
1017,0.01810503
1018,0.010454237
1019,0.000153929
1020,2.0861626e-07
1021,0.8231634
1022,0.9745741
1023,0.026501298
1024,0.9996246
1025,0.001729846
1026,0.96193004
1027,0.044971257
1028,0.16414452
1029,5.6028366e-06
1030,4.2915344e-06
1031,0.00043970346
1032,0.9307344
1033,6.28829e-06
1034,0.9976324
1035,0.0019189417
1036,0.052904367
1037,0.0022449195
1038,0.0002783537
1039,0.9997051
1040,0.0021547377
1041,0.00031933188
1042,0.0015788972
1043,0.04353586
1044,0.8755821
1045,0.45417455
1046,0.0035416186
1047,0.20551834
1048,0.019522667
1049,0.0010857582
1050,0.85923
1051,0.00041857362
1052,0.9747658
1053,7.4505806e-07
1054,0.021394938
1055,0.99995315
1056,0.0005889535
1057,0.9997794
1058,0.012098372
1059,0.8161818
1060,0.0043759644
1061,0.43788084
1062,0.9832233
1063,0.00078061223
1064,4.348159e-05
1065,2.2768974e-05
1066,0.0006248057
1067,0.0013923049
1068,0.89697444
1069,3.7431717e-05
1070,0.9996426
1071,0.99960774
1072,9.62615e-05
1073,0.0852561
1074,0.0020539165
1075,0.08420107
1076,7.70092e-05
1077,0.98303187
1078,8.2194805e-05
1079,2.7447939e-05
1080,0.013563305
1081,8.046627e-06
1082,0.035862714
1083,0.00046744943
1084,0.89338404
1085,0.0029354393
1086,0.0010077655
1087,0.9170383
1088,0.8255401
1089,0.0152421
1090,0.071823895
1091,0.31695902
1092,0.52860755
1093,6.0737133e-05
1094,9.980798e-05
1095,0.011623502
1096,0.0002681017
1097,0.9443453
1098,0.006444663
1099,0.994767
1100,0.02665627
1101,7.0631504e-06
1102,0.0023448765
1103,4.172325e-07
1104,3.0398369e-06
1105,6.881356e-05
1106,0.00051277876
1107,0.0012957752
1108,0.057877094
1109,0.0419226
1110,0.060298353
1111,0.33355325
1112,5.555153e-05
1113,0.9999453
1114,0.00023627281
1115,0.53141415
1116,0.99999964
1117,0.8475005
1118,6.785989e-05
1119,0.0017046034
1120,0.030109197
1121,0.27595097
1122,0.015764356
1123,0.54604423
1124,0.0055193603
1125,0.002480656
1126,0.0023270845
1127,0.9714453
1128,8.5532665e-06
1129,0.0012387633
1130,0.07973173
1131,0.0017986596
1132,3.0577183e-05
1133,0.9547802
1134,2.7060509e-05
1135,0.0
1136,5.9604645e-08
1137,0.9344065
1138,0.8906338
1139,0.0014982522
1140,2.1010637e-05
1141,0.0003157258
1142,5.9604645e-08
1143,0.0068698525
1144,0.2731028
1145,0.9265419
1146,0.0055626035
1147,0.09635055
1148,4.5210123e-05
1149,0.0016792715
1150,0.00030699372
1151,0.14802942
1152,0.18960077
1153,0.91327316
1154,3.9309263e-05
1155,0.0023120344
1156,0.019005239
1157,0.014780343
1158,0.93257374
1159,0.1385133
1160,0.044065118
1161,2.9802322e-07
1162,0.492272
1163,8.940697e-08
1164,0.28825217
1165,0.90820575
1166,0.00023815036
1167,0.0
1168,2.3841858e-07
1169,0.004008621
1170,0.006727338
1171,0.19127974
1172,0.015027106
1173,0.00063604116
1174,0.9999714
1175,0.8710494
1176,0.04529938
1177,0.0021592379
1178,0.072407335
1179,0.33719558
1180,8.34465e-07
1181,0.07651311
1182,0.0012927055
1183,0.89464414
1184,0.99776065
1185,0.090581805
1186,0.00060880184
1187,0.0048593283
1188,0.0009596646
1189,0.00010839105
1190,6.3180923e-06
1191,0.012228698
1192,0.3777744
1193,0.0046649277
1194,0.560692
1195,7.987022e-06
1196,0.4456138
1197,0.99999434
1198,0.9982017
1199,0.0027770102
1200,0.34294564
1201,0.028787553
1202,0.0038873255
1203,0.99958956
1204,0.00050601363
1205,0.016098201
1206,0.98581326
1207,0.3477239
1208,0.9996222
1209,0.1408984
1210,0.9999938
1211,4.5865774e-05
1212,0.0007761717
1213,0.0056097507
1214,1.0341406e-05
1215,8.4638596e-05
1216,0.00018748641
1217,0.98626935
1218,4.0084124e-05
1219,0.17450112
1220,0.0
1221,0.00057309866
1222,0.99425215
1223,2.2649765e-06
1224,0.5533548
1225,0.99999684
1226,0.0
1227,1.6987324e-06
1228,0.0
1229,0.007341534
1230,0.03523004
1231,0.5900767
1232,0.00031158328
1233,0.998746
1234,0.007628739
1235,0.9989797
1236,0.0006348789
1237,0.0010142922
1238,0.09471288
1239,0.00020825863
1240,0.0020383596
1241,0.009903163
1242,0.0005619526
1243,0.32245988
1244,0.99994123
1245,0.0023902953
1246,0.015654087
1247,0.13273254
1248,0.028246462
1249,0.784547
1250,0.2191464
1251,0.017851204
1252,0.15185711
1253,0.4883085
1254,0.30145007
1255,1.1563301e-05
1256,0.00014215708
1257,5.6922436e-06
1258,0.99483466
1259,0.9984785
1260,0.0004902482
1261,7.4505806e-07
1262,0.00033846498
1263,0.0027419627
1264,2.4616718e-05
1265,0.0023680925
1266,0.64103895
1267,0.042920053
1268,0.00044295192
1269,0.09219831
1270,0.00019204617
1271,0.9972649
1272,0.99756503
1273,2.9802322e-08
1274,0.0001103878
1275,0.18457669
1276,0.74132526
1277,0.024930447
1278,8.738041e-05
1279,0.0023727417
1280,9.7215176e-05
1281,0.0003503859
1282,0.007521987
1283,0.02676621
1284,0.0
1285,0.0014734864
1286,0.22950771
1287,1.7613173e-05
1288,0.0002194941
1289,5.9604645e-08
1290,9.602308e-05
1291,0.89088714
1292,0.9015237
1293,2.6017427e-05
1294,0.015918791
1295,0.23676968
1296,0.101346314
1297,0.00048026443
1298,0.0029376745
1299,0.00034090877
1300,0.0028259754
1301,0.0031653345
1302,0.9999203
1303,0.011238366
1304,0.0
1305,5.7071447e-05
1306,2.8312206e-05
1307,1.1920929e-07
1308,0.07203999
1309,0.00023025274
1310,0.8830085
1311,0.00022745132
1312,1.1622906e-06
1313,2.6106834e-05
1314,0.9956671
1315,1.2218952e-06
1316,4.8309565e-05
1317,0.0016917586
1318,0.00070533156
1319,1.4305115e-05
1320,0.0
1321,0.0020744503
1322,0.0035766661
1323,0.99382144
1324,1.9431114e-05
1325,0.28550833
1326,0.9998413
1327,0.0889346
1328,0.00017276406
1329,0.0003836453
1330,0.0062732995
1331,0.77497864
1332,0.020405918
1333,0.15517092
1334,0.0007250309
1335,0.99995697
1336,0.99930495
1337,0.00017151237
1338,0.644979
1339,0.0024439394
1340,0.008485645
1341,4.172325e-07
1342,0.56833017
1343,5.733967e-05
1344,0.00012674928
1345,0.00040653348
1346,0.00881359
1347,0.0030951202
1348,0.27912402
1349,0.32558528
1350,2.1755695e-06
1351,0.00011074543
1352,0.99991465
1353,0.0
1354,0.0002760291
1355,0.99997985
1356,0.0012800097
1357,0.00014385581
1358,0.0011728406
1359,0.9990275
1360,0.0007226765
1361,0.9999982
1362,0.98721766
1363,3.6358833e-06
1364,0.00011077523
1365,0.114124626
1366,0.00024920702
1367,6.943941e-06
1368,1.2636185e-05
1369,0.0014361143
1370,3.5762787e-07
1371,0.032186717
1372,0.00026112795
1373,1.4901161e-07
1374,0.002334863
1375,7.4505806e-07
1376,0.014812142
1377,0.5795482
1378,3.84748e-05
1379,0.0
1380,0.00035971403
1381,3.3974648e-05
1382,0.94087565
1383,0.99756956
1384,0.0016243756
1385,8.136034e-06
1386,0.053533256
1387,0.045125306
1388,0.9894953
1389,0.67743194
1390,0.17898574
1391,0.00080382824
1392,0.000107795
1393,0.9999795
1394,0.14742348
1395,0.0035415888
1396,8.583069e-06
1397,1.1265278e-05
1398,0.9928842
1399,2.2172928e-05
1400,0.06005016
1401,3.993511e-06
1402,2.9802322e-07
1403,7.635355e-05
1404,0.99569356
1405,0.67874086
1406,1.2218952e-06
1407,0.89605665
1408,0.6317952
1409,0.00010505319
1410,0.03398484
1411,0.01136893
1412,0.0022082925
1413,0.0013613403
1414,1.0699034e-05
1415,0.95298994
1416,0.0003182888
1417,0.0072388053
1418,5.9604645e-08
1419,0.0033095777
1420,0.00024542212
1421,0.9378138
1422,0.061954767
1423,0.009778082
1424,0.9999999
1425,4.7683716e-07
1426,8.225441e-06
1427,0.06647888
1428,0.0
1429,2.9414892e-05
1430,2.682209e-07
1431,5.2452087e-05
1432,0.023654193
1433,0.0006596148
1434,0.00034451485
1435,0.018511951
1436,0.07233128
1437,0.10842988
1438,1.8686056e-05
1439,0.99970675
1440,1.0
1441,0.3695682
1442,0.011837006
1443,0.0011878908
1444,0.007915497
1445,0.9999398
1446,7.3611736e-06
1447,0.00016880035
1448,1.001358e-05
1449,0.00034812093
1450,0.74022245
1451,0.5707633
1452,0.016696543
1453,1.013279e-06
1454,6.854534e-06
1455,0.008959681
1456,5.9604645e-08
1457,0.006841719
1458,0.0
1459,2.8908253e-06
1460,0.00019294024
1461,6.6161156e-06
1462,0.99971926
1463,0.0
1464,0.05961573
1465,0.104827106
1466,4.172325e-07
1467,0.0024662912
1468,2.3841858e-07
1469,0.39853466
1470,0.99999917
1471,2.8848648e-05
1472,8.136034e-06
1473,0.00044178963
1474,2.861023e-06
1475,0.08677241
1476,0.017043471
1477,0.10342997
1478,8.940697e-08
1479,2.9206276e-06
1480,0.0034569204
1481,0.002205789
1482,0.01228258
1483,0.009341955
1484,0.00013634562
1485,0.00256446
1486,0.99173486
1487,0.008337557
1488,0.068077266
1489,0.0011616051
1490,7.608533e-05
1491,0.0011282265
1492,0.0022817254
1493,0.61057276
1494,0.002648145
1495,0.94379616
1496,0.58051825
1497,0.9924887
1498,0.010048866
1499,0.024571747
1500,4.6670437e-05
1501,1.7523766e-05
1502,0.9951142
1503,0.037759602
1504,0.3386427
1505,2.0861626e-07
1506,0.94830686
1507,0.0061567724
1508,5.4836273e-06
1509,0.0031034648
1510,0.0036491156
1511,0.001124531
1512,0.24328509
1513,0.0021182
1514,0.0030506253
1515,0.0007483661
1516,0.04214585
1517,0.0
1518,0.040635318
1519,0.5661984
1520,0.86552083
1521,0.0007802844
1522,0.0027244687
1523,9.23872e-07
1524,0.9826511
1525,0.029923588
1526,0.0
1527,8.583069e-06
1528,0.0
1529,1.4126301e-05
1530,0.28381413
1531,1.3113022e-06
1532,0.90952766
1533,2.2262335e-05
1534,3.4868717e-06
1535,0.00026461482
1536,3.1590462e-06
1537,0.00062578917
1538,0.03500417
1539,0.9995566
1540,0.9866084
1541,0.00014409423
1542,2.9593706e-05
1543,7.748604e-07
1544,0.9999988
1545,0.030149996
1546,0.0
1547,1.5795231e-06
1548,0.024207711
1549,0.06594491
1550,2.7298927e-05
1551,0.0007277727
1552,2.682209e-07
1553,0.99946356
1554,0.9601574
1555,0.005190313
1556,0.000654757
1557,0.23160055
1558,0.99931717
1559,0.042327046
1560,0.0
1561,0.00013250113
1562,0.066034675
1563,5.364418e-07
1564,0.0012248456
1565,0.21022958
1566,0.0019655228
1567,0.061426252
1568,1.3709068e-06
1569,0.9995801
1570,0.0010647774
1571,0.9951687
1572,0.025738478
1573,0.0001553595
1574,5.811453e-06
1575,0.99999994
1576,6.2584877e-07
1577,1.9669533e-06
1578,0.99683607
1579,7.480383e-06
1580,0.002240628
1581,0.22678667
1582,5.7399273e-05
1583,0.9048694
1584,0.009139478
1585,0.0
1586,0.6725642
1587,0.00028797984
1588,0.00015249848
1589,0.00034156442
1590,1.4156103e-05
1591,0.0010765791
1592,0.0024107099
1593,0.00016853213
1594,0.00532344
1595,5.9604645e-08
1596,0.9922413
1597,0.00021520257
1598,2.2351742e-06
1599,3.2931566e-05
1600,8.940697e-08
1601,0.0044358373
1602,0.00011101365
1603,0.04831496
1604,0.00038596988
1605,0.6578915
1606,0.73488075
1607,0.99986607
1608,0.064796954
1609,0.006853938
1610,7.7307224e-05
1611,0.0020779073
1612,0.92452013
1613,0.99994016
1614,0.9875088
1615,7.033348e-06
1616,0.0
1617,0.7143181
1618,0.037389576
1619,0.0041458607
1620,0.0014626384
1621,2.9802322e-08
1622,0.008340627
1623,3.5762787e-07
1624,5.6803226e-05
1625,1.1920929e-07
1626,0.00018882751
1627,0.999998
1628,1.2874603e-05
1629,0.7393227
1630,0.0
1631,2.3245811e-06
1632,0.00086182356
1633,1.1920929e-07
1634,0.49070752
1635,0.5204552
1636,0.0012890697
1637,0.00017434359
1638,0.0306032
1639,0.96254444
1640,2.682209e-07
1641,0.0002501309
1642,0.0001616478
1643,1.7881393e-07
1644,1.7225742e-05
1645,0.7629416
1646,0.4921783
1647,3.6537647e-05
1648,1.1920929e-07
1649,0.70604193
1650,0.84436643
1651,0.11485103
1652,4.968047e-05
1653,0.0055972636
1654,0.027443826
1655,9.030104e-06
1656,0.9035711
1657,0.99991846
1658,1.975894e-05
1659,0.0008235574
1660,0.00018411875
1661,0.0006746352
1662,8.195639e-06
1663,0.09062415
1664,6.4730644e-05
1665,0.0012241006
1666,0.9295206
1667,0.0018802583
1668,0.071246654
1669,0.00071939826
1670,1.0
1671,0.69221246
1672,0.0019863248
1673,0.09885901
1674,0.99570787
1675,9.23872e-07
1676,0.038617432
1677,0.7673154
1678,1.7851591e-05
1679,0.0007611513
1680,0.99343216
1681,0.9999456
1682,0.88665646
1683,0.026322693
1684,0.9656457
1685,0.0001399517
1686,9.664893e-05
1687,2.4706125e-05
1688,0.0016814768
1689,9.7960234e-05
1690,1.9103289e-05
1691,0.999917
1692,4.4375658e-05
1693,0.0
1694,2.9802322e-08
1695,0.0017063618
1696,0.58819395
1697,0.0011595488
1698,2.682209e-07
1699,5.00679e-06
1700,0.9985914
1701,2.8371811e-05
1702,0.0019993186
1703,1.2040138e-05
1704,0.0008004606
1705,7.6293945e-06
1706,0.9999992
1707,0.999986
1708,0.00089624524
1709,0.0
1710,0.0064317584
1711,0.001645714
1712,5.066395e-07
1713,1.1920929e-07
1714,0.0
1715,0.0005685091
1716,0.0022903979
1717,0.0005877018
1718,0.9955114
1719,2.592802e-06
1720,0.9171949
1721,1.5467405e-05
1722,0.77398777
1723,0.00028941035
1724,0.0015311837
1725,0.0005494952
1726,4.220009e-05
1727,1.1026859e-06
1728,0.99982476
1729,1.8209219e-05
1730,0.00044852495
1731,0.039040655
1732,0.99517083
1733,0.9793112
1734,1.6987324e-06
1735,0.025370747
1736,3.1292439e-06
1737,0.9920559
1738,9.036064e-05
1739,0.0005655587
1740,0.998955
1741,2.9802322e-08
1742,9.23872e-07
1743,0.23547247
1744,5.0842762e-05
1745,0.04856974
1746,0.049784094
1747,2.849102e-05
1748,0.00029739738
1749,0.00011301041
1750,0.00012692809
1751,0.0
1752,0.99528456
1753,0.053960472
1754,3.874302e-07
1755,0.6502674
1756,2.8312206e-06
1757,0.0006515384
1758,1.5795231e-06
1759,0.00015380979
1760,0.023248613
1761,0.003251642
1762,0.0
1763,0.0073191226
1764,0.08465162
1765,0.4843142
1766,7.1525574e-07
1767,0.0002297163
1768,2.3841858e-07
1769,5.543232e-06
1770,6.4373016e-06
1771,8.106232e-06
1772,0.0
1773,4.7683716e-07
1774,0.9986293
1775,0.36965728
1776,2.0563602e-06
1777,0.0
1778,0.0058650076
1779,0.20661366
1780,0.00078362226
1781,0.0037553608
1782,0.003042668
1783,0.7209797
1784,1.0073185e-05
1785,0.99822783
1786,0.9983864
1787,0.84603
1788,0.23871407
1789,0.00020161271
1790,0.571574
1791,0.45208424
1792,0.34123102
1793,0.97509646
1794,4.1127205e-06
1795,0.38793072
1796,1.1026859e-06
1797,0.35909384
1798,8.940697e-08
1799,1.052022e-05
1800,8.940697e-08
1801,0.7394898
1802,0.00025764108
1803,1.2516975e-06
1804,0.11922231
1805,0.0008344054
1806,9.834766e-07
1807,4.2945147e-05
1808,8.061528e-05
1809,7.31647e-05
1810,1.0102987e-05
1811,0.62309724
1812,1.7881393e-07
1813,0.9991234
1814,0.0
1815,5.0902367e-05
1816,0.00028815866
1817,1.8507242e-05
1818,0.0047526956
1819,0.00013566017
1820,2.9802322e-07
1821,0.014764637
1822,0.3669043
1823,5.662441e-07
1824,3.5762787e-07
1825,0.056234777
1826,0.63995594
1827,7.778406e-06
1828,0.008312345
1829,5.096197e-06
1830,5.3048134e-06
1831,6.943941e-06
1832,0.14237788
1833,0.006926477
1834,8.940697e-08
1835,0.00017678738
1836,0.9999767
1837,0.037395835
1838,0.0009521842
1839,3.9428473e-05
1840,0.003024459
1841,0.037792623
1842,1.1920929e-06
1843,4.827976e-06
1844,0.9999072
1845,1.4901161e-07
1846,5.555153e-05
1847,1.0728836e-06
1848,4.87864e-05
1849,0.99999726
1850,0.52694875
1851,4.9471855e-06
1852,0.00031998754
1853,0.9960116
1854,5.066395e-07
1855,2.0682812e-05
1856,4.7683716e-07
1857,0.0039052367
1858,7.748604e-07
1859,4.7683716e-07
1860,0.0
1861,0.042175174
1862,0.99325705
1863,4.4703484e-07
1864,0.00017750263
1865,0.039316624
1866,0.09003511
1867,8.5026026e-05
1868,0.00025227666
1869,0.13954732
1870,2.3841858e-07
1871,0.0106242
1872,0.0006676614
1873,0.0022542477
1874,1.013279e-06
1875,0.90698993
1876,0.018657833
1877,0.044095784
1878,0.16245168
1879,2.1457672e-06
1880,0.036457926
1881,0.0076847076
1882,0.004328102
1883,0.68993324
1884,1.5288591e-05
1885,0.0072609186
1886,0.9533137
1887,0.06332904
1888,4.172325e-07
1889,5.9604645e-08
1890,0.00069758296
1891,6.6161156e-06
1892,1.937151e-06
1893,0.99999404
1894,2.682209e-07
1895,0.0
1896,1.5854836e-05
1897,0.3719524
1898,0.30405265
1899,0.577363
1900,0.0
1901,1.3709068e-06
1902,0.01426667
1903,0.0008353293
1904,0.017967314
1905,0.002628982
1906,0.0
1907,0.001429826
1908,3.4570694e-06
1909,0.00041735172
1910,0.98780316
1911,0.0007184148
1912,1.4901161e-07
1913,0.0008601248
1914,0.009737134
1915,0.9610504
1916,0.0029993951
1917,4.0978193e-05
1918,0.31017482
1919,0.56259215
1920,0.99937224
1921,0.15744933
1922,0.001521796
1923,0.0
1924,9.775162e-05
1925,0.0033334494
1926,0.0009210706
1927,0.000467211
1928,1.6361475e-05
1929,5.364418e-07
1930,0.96406066
1931,4.0233135e-06
1932,2.3841858e-06
1933,0.08106175
1934,0.0
1935,4.4107437e-06
1936,0.005886525
1937,0.00013136864
1938,0.017877549
1939,3.3408403e-05
1940,7.4505806e-07
1941,0.99616337
1942,0.028812557
1943,0.0017056167
1944,0.013843536
1945,0.6882931
1946,0.002255857
1947,0.00021135807
1948,0.07051873
1949,0.9998834
1950,0.043786913
1951,6.4969063e-06
1952,0.0
1953,0.8749529
1954,0.043738812
1955,3.606081e-06
1956,0.9864747
1957,2.5749207e-05
1958,0.01174289
1959,9.423494e-05
1960,5.9604645e-08
1961,0.0045368075
1962,0.004874587
1963,0.10512307
1964,0.035418928
1965,0.9972094
1966,0.70167506
1967,0.0
1968,0.9999858
1969,0.0
1970,0.0016642809
1971,0.01638943
1972,6.80089e-05
1973,0.0011821389
1974,0.025628865
1975,0.14219192
1976,0.0
1977,0.0
1978,0.00052410364
1979,2.5629997e-06
1980,0.00034984946
1981,1.4513731e-05
1982,0.3272794
1983,0.00021207333
1984,0.99976134
1985,0.016946048
1986,2.0861626e-07
1987,5.9604645e-08
1988,0.00023961067
1989,0.0071874857
1990,0.9995259
1991,0.8770554
1992,0.00082197785
1993,0.7611305
1994,0.3696073
1995,0.010174155
1996,0.14127994
1997,1.7881393e-07
1998,6.2584877e-07
1999,9.745359e-06
2000,2.8908253e-06
2001,0.102865756
2002,0.96532
2003,0.99994904
2004,0.30319518
2005,0.8114992
2006,0.973281
2007,6.645918e-06
2008,2.7060509e-05
2009,2.9802322e-08
2010,2.9802322e-07
2011,1.0
2012,2.464652e-05
2013,4.440546e-06
2014,0.000100016594
2015,0.31892383
2016,0.1224699
2017,2.592802e-06
2018,0.020280272
2019,5.096197e-06
2020,0.0
2021,0.0018047988
2022,0.12333271
2023,0.00062161684
2024,0.0075342953
2025,0.848729
2026,2.3841858e-07
2027,0.0032228231
2028,2.2351742e-06
2029,0.1677329
2030,0.32093892
2031,0.80923975
2032,0.0
2033,5.9604645e-08
2034,0.16834265
2035,0.00023552775
2036,7.301569e-06
2037,0.8649601
2038,0.0
2039,0.22989976
2040,0.2825991
2041,1.4603138e-05
2042,0.0
2043,0.989158
2044,0.03359443
2045,4.172325e-07
2046,0.0007580817
2047,0.024681687
2048,0.044115126
2049,0.00049361587
2050,2.9802322e-08
2051,1.013279e-06
2052,2.7418137e-06
2053,4.7683716e-07
2054,0.000692606
2055,0.2786799
2056,4.386902e-05
2057,6.198883e-06
2058,0.99989796
2059,3.784895e-06
2060,0.999898
2061,0.016205788
2062,0.11113116
2063,0.9997535
2064,0.367512
2065,0.011041403
2066,0.016126126
2067,0.9999578
2068,0.000844717
2069,1.335144e-05
2070,0.1734164
2071,0.0
2072,0.0006285012
2073,0.00018268824
2074,6.6161156e-06
2075,3.5762787e-07
2076,0.20239663
2077,0.9987043
2078,0.9951328
2079,0.00052681565
2080,0.9988313
2081,0.069049835
2082,0.0004197359
2083,1.0
2084,0.9994539
2085,0.9543625
2086,0.00067034364
2087,0.36306483
2088,0.0012313426
2089,0.0
2090,0.00030338764
2091,2.9802322e-08
2092,6.854534e-07
2093,0.9814377
2094,0.00091534853
2095,0.20530948
2096,0.0035619736
2097,0.00048422813
2098,0.08834648
2099,2.9802322e-07
2100,0.00016340613
2101,0.029495507
2102,0.00023543835
2103,0.7828262
2104,6.482005e-05
2105,0.028242826
2106,1.6093254e-06
2107,0.08275601
2108,0.00017482042
2109,0.99734676
2110,2.2053719e-06
2111,0.10554469
2112,0.00088843703
2113,0.0011872649
2114,2.3633242e-05
2115,8.2194805e-05
2116,0.57514286
2117,0.45006394
2118,0.6489293
2119,0.0028942227
2120,1.9967556e-06
2121,0.00010329485
2122,6.109476e-05
2123,9.745359e-06
2124,0.00028663874
2125,1.013279e-06
2126,0.0
2127,0.0002438724
2128,0.11567652
2129,1.1026859e-06
2130,0.0019564927
2131,0.016928822
2132,5.9604645e-08
2133,0.0
2134,2.5123358e-05
2135,0.00021997094
2136,2.1398067e-05
2137,0.0039459765
2138,0.99936986
2139,0.013408124
2140,1.1026859e-06
2141,5.9604645e-08
2142,1.5795231e-06
2143,8.940697e-08
2144,0.0009377599
2145,2.965331e-05
2146,0.0014023781
2147,0.22598043
2148,0.0002808869
2149,0.0
2150,0.0
2151,0.000900805
2152,0.20417109
2153,0.021164924
2154,0.99932337
2155,0.00022515655
2156,0.36085182
2157,4.172325e-07
2158,0.00053432584
2159,0.042390376
2160,0.99680865
2161,0.10604301
2162,0.13974339
2163,3.2782555e-07
2164,3.0368567e-05
2165,0.024765074
2166,0.00080803037
2167,0.9991586
2168,0.07666418
2169,1.4334917e-05
2170,0.017277747
2171,0.45256686
2172,0.001768738
2173,0.64878166
2174,0.9978447
2175,0.000310421
2176,1.7881393e-07
2177,3.2782555e-07
2178,4.3272972e-05
2179,0.0014036298
2180,0.00027051568
2181,7.1525574e-07
2182,7.328391e-05
2183,0.0003144145
2184,0.9992167
2185,1.6868114e-05
2186,0.020402253
2187,4.7683716e-07
2188,0.01955548
2189,0.016994655
2190,0.00017043948
2191,2.1457672e-06
2192,4.8160553e-05
2193,0.038436443
2194,1.1950731e-05
2195,0.06839058
2196,7.471442e-05
2197,1.7017126e-05
2198,0.5251934
2199,0.00044623017
2200,0.9999982
2201,6.5863132e-06
2202,0.8106215
2203,0.98441374
2204,1.9222498e-05
2205,1.731515e-05
2206,0.97984594
2207,2.9802322e-07
2208,2.9802322e-08
2209,0.9899819
2210,3.6358833e-05
2211,0.76995593
2212,0.015189648
2213,0.007567644
2214,0.34842277
2215,2.9802322e-08
2216,0.0001437664
2217,0.016830266
2218,9.834766e-07
2219,0.9234756
2220,0.0004979968
2221,7.048249e-05
2222,9.089708e-06
2223,0.0030083954
2224,0.93174684
2225,4.258752e-05
2226,0.96691906
2227,0.2966767
2228,0.9999996
2229,1.3113022e-06
2230,2.5063753e-05
2231,0.21433496
2232,0.6833427
2233,3.963709e-06
2234,0.89477015
2235,0.0012112558
2236,0.0007812381
2237,0.0
2238,1.1444092e-05
2239,2.8043985e-05
2240,0.5486523
2241,0.8723569
2242,7.778406e-06
2243,0.99659485
2244,3.6656857e-06
2245,0.022115111
2246,0.0
2247,0.0058839023
2248,0.99716187
2249,0.00013375282
2250,0.57597274
2251,0.03504899
2252,2.9802322e-08
2253,0.00023496151
2254,0.061838567
2255,3.6358833e-06
2256,1.001358e-05
2257,0.041026205
2258,4.0203333e-05
2259,0.99617946
2260,4.8696995e-05
2261,0.0
2262,0.019030482
2263,8.5532665e-06
2264,7.164478e-05
2265,3.2126904e-05
2266,0.0
2267,0.853475
2268,6.198883e-06
2269,4.169345e-05
2270,0.0038685203
2271,0.0
2272,3.427267e-06
2273,0.010239512
2274,0.12337154
2275,0.94666314
2276,0.19567305
2277,0.00041481853
2278,0.0
2279,0.0037085712
2280,0.99464834
2281,0.93363595
2282,0.13173068
2283,0.0016866624
2284,0.98675156
2285,0.99339914
2286,0.0005839169
2287,1.5467405e-05
2288,0.99790275
2289,0.0003530085
2290,6.532669e-05
2291,0.042833835
2292,1.3977289e-05
2293,0.000346601
2294,6.2584877e-07
2295,5.00679e-06
2296,8.34465e-07
2297,0.5448921
2298,0.012515545
2299,0.00096198916
2300,1.4305115e-06
2301,1.1950731e-05
2302,0.9195262
2303,0.9856471
2304,4.9471855e-06
2305,9.089708e-06
2306,8.940697e-08
2307,0.0003232658
2308,2.297759e-05
2309,0.99994177
2310,0.99936426
2311,1.6391277e-06
2312,0.014859676
2313,0.0008722544
2314,0.0
2315,8.124113e-05
2316,0.006038785
2317,0.00019988418
2318,2.887845e-05
2319,0.019606292
2320,1.7613173e-05
2321,0.04503131
2322,0.0009956658
2323,0.00071910024
2324,0.493626
2325,0.97690827
2326,0.83089375
2327,0.9933641
2328,1.0728836e-06
2329,3.6120415e-05
2330,0.8154707
2331,1.7881393e-07
2332,0.00035643578
2333,0.19972244
2334,0.0
2335,0.0036018789
2336,0.55477595
2337,2.1994114e-05
2338,1.1920929e-06
2339,0.003626138
2340,0.0004634261
2341,0.00017094612
2342,1.4901161e-07
2343,0.0035926402
2344,3.3676624e-06
2345,0.7260135
2346,2.9802322e-08
2347,2.8908253e-06
2348,0.029483587
2349,0.99991024
2350,0.0005246401
2351,0.0
2352,0.00013375282
2353,0.99998033
2354,1.1920929e-07
2355,0.76530206
2356,1.1920929e-07
2357,0.01199615
2358,2.1994114e-05
2359,0.0
2360,4.9471855e-06
2361,2.6643276e-05
2362,1.1622906e-06
2363,0.093630165
2364,0.9663451
2365,3.5196543e-05
2366,0.9858277
2367,0.0005673468
2368,0.07258645
2369,0.0039559305
2370,0.64913
2371,0.0036917925
2372,0.0003466606
2373,0.0008754432
2374,0.6333134
2375,0.0038014948
2376,0.0021073818
2377,0.0
2378,0.0
2379,2.270937e-05
2380,0.73932457
2381,3.1888485e-06
2382,7.748604e-07
2383,5.221367e-05
2384,2.7418137e-06
2385,0.116603404
2386,0.8912265
2387,0.0725452
2388,4.61936e-06
2389,0.643226
2390,8.940697e-07
2391,0.85917985
2392,2.425909e-05
2393,0.85882676
2394,2.5331974e-06
2395,0.00017869473
2396,0.009806186
2397,2.9802322e-08
2398,0.0002631247
2399,1.7881393e-07
2400,1.1920929e-07
2401,0.7389582
2402,0.0021343827
2403,0.6480862
2404,0.89694923
2405,3.7908554e-05
2406,0.9943263
2407,2.5063753e-05
2408,0.9984877
2409,3.3289194e-05
2410,0.99999905
2411,0.9998703
2412,0.0008634627
2413,0.0010794997
2414,0.0964964
2415,0.0
2416,4.261732e-05
2417,0.990026
2418,0.0
2419,0.008751035
2420,0.99957174
2421,7.5101852e-06
2422,0.0012744367
2423,0.0010041893
2424,0.012763679
2425,6.237626e-05
2426,0.0041027665
2427,0.9945268
2428,0.9091134
2429,0.016226828
2430,1.14142895e-05
2431,0.020010948
2432,0.0
2433,0.6569691
2434,0.0014863014
2435,0.051591873
2436,0.86446846
2437,8.940697e-08
2438,0.0
2439,4.172325e-07
2440,0.9949918
2441,1.4603138e-05
2442,4.7683716e-07
2443,0.012820125
2444,2.2947788e-06
2445,0.93524444
2446,3.5583973e-05
2447,5.9604645e-08
2448,3.874302e-07
2449,0.0008095205
2450,0.534628
2451,0.0005886555
2452,0.0
2453,0.0019541383
2454,0.009594023
2455,9.804964e-06
2456,5.632639e-06
2457,0.43680155
2458,1.1593103e-05
2459,5.0336123e-05
2460,1.4901161e-07
2461,4.172325e-07
2462,0.19180724
2463,0.024840951
2464,0.017295808
2465,5.662441e-07
2466,0.0
2467,2.232194e-05
2468,0.567562
2469,0.6088233
2470,0.0
2471,0.08351678
2472,4.172325e-05
2473,0.24450007
2474,0.018003643
2475,0.98125726
2476,0.73984146
2477,0.9868958
2478,0.0
2479,0.05578375
2480,3.129244e-05
2481,0.0921067
2482,0.06375405
2483,0.108150244
2484,2.9802322e-07
2485,0.0
2486,0.00018507242
2487,0.99998146
2488,0.00050860643
2489,0.67339206
2490,0.0
2491,0.0
2492,0.9668465
2493,0.029180765
2494,9.918213e-05
2495,0.026297182
2496,0.1011692
2497,5.1766634e-05
2498,0.00031468272
2499,0.0002707839
2500,0.0135371685
2501,0.03427425
2502,0.0
2503,8.076429e-06
2504,6.854534e-07
2505,6.708503e-05
2506,0.0
2507,0.0003258884
2508,0.0071111023
2509,0.040837467
2510,0.013588458
2511,0.0084965825
2512,0.9449059
2513,0.29522383
2514,0.9999543
2515,0.0051651
2516,0.0059806705
2517,0.0
2518,0.009920895
2519,0.00014671683
2520,0.9910456
2521,0.028606534
2522,0.00027680397
2523,2.3841858e-07
2524,3.2484531e-06
2525,1.0
2526,0.99767196
2527,0.0
2528,0.999544
2529,0.9999708
2530,0.004369974
2531,0.07113412
2532,0.71478325
2533,0.0035806
2534,0.9904899
2535,0.96575165
2536,0.0001372695
2537,0.3263865
2538,0.00013539195
2539,7.748604e-07
2540,0.0006890893
2541,0.24791041
2542,0.8357873
2543,0.06720492
2544,0.9728224
2545,0.7723348
2546,0.0
2547,0.026118696
2548,0.0
2549,1.4901161e-07
2550,0.9887492
2551,0.00024360418
2552,0.009377331
2553,0.00037899613
2554,0.015212089
2555,4.976988e-06
2556,6.16312e-05
2557,0.9500336
2558,4.3660402e-05
2559,0.0030065477
2560,3.4570694e-06
2561,0.0001578927
2562,0.99928606
2563,4.4703484e-07
2564,2.9802322e-08
2565,0.00016751885
2566,0.0023916364
2567,6.1392784e-06
2568,4.506111e-05
2569,6.720424e-05
2570,0.98753035
2571,0.0
2572,0.00091671944
2573,0.9999999
2574,0.0
2575,0.0
2576,0.00052672625
2577,0.86271363
2578,3.5762787e-06
2579,1.0
2580,3.784895e-06
2581,0.0019471645
2582,3.3974648e-06
2583,0.0
2584,0.020626485
2585,0.99981976
2586,0.006313026
2587,1.937151e-06
2588,0.008434355
2589,0.00017938018
2590,0.998888
2591,1.2665987e-05
2592,0.89234746
2593,0.99929136
2594,0.106160074
2595,0.0035921335
2596,0.0
2597,0.0
2598,0.00043913722
2599,0.056542277
2600,0.00060912967
2601,0.6265504
2602,0.0065757334
2603,0.99999726
2604,5.3077936e-05
2605,0.94860697
2606,6.0796738e-06
2607,0.019105375
2608,0.08973467
2609,0.18779421
2610,9.298325e-06
2611,0.0022803545
2612,9.953976e-06
2613,0.9954592
2614,2.503395e-06
2615,0.02968672
2616,0.0
2617,0.11461243
2618,0.0
2619,0.004435152
2620,0.041524082
2621,0.0010587573
2622,0.0
2623,0.00024875998
2624,0.7755247
2625,0.99999434
2626,0.99938107
2627,4.222989e-05
2628,0.00041857362
2629,0.7560698
2630,1.0
2631,6.210804e-05
2632,7.212162e-05
2633,0.00047254562
2634,0.99952614
2635,0.00041937828
2636,0.8877531
2637,0.01053679
2638,0.00013327599
2639,7.301569e-06
2640,6.3180923e-06
2641,0.86654615
2642,0.99407005
2643,0.0012120605
2644,0.0008434057
2645,8.940697e-08
2646,0.026435643
2647,0.06627858
2648,2.9802322e-07
2649,3.85046e-05
2650,0.0009405911
2651,0.5483213
2652,0.98572993
2653,0.9999574
2654,0.003387779
2655,5.00679e-06
2656,8.940697e-07
2657,4.7385693e-06
2658,0.15954763
2659,0.7503045
2660,0.070074946
2661,9.730458e-05
2662,0.08460471
2663,1.770258e-05
2664,0.7591294
2665,0.025403798
2666,0.004579097
2667,6.788969e-05
2668,0.0244191
2669,0.0014658272
2670,0.00011956692
2671,1.2993813e-05
2672,7.56979e-06
2673,2.3841858e-07
2674,0.0009572506
2675,0.0
2676,2.3245811e-06
2677,0.99062943
2678,1.0788441e-05
2679,4.1395426e-05
2680,0.0014598072
2681,5.9604645e-08
2682,0.99650604
2683,0.01239717
2684,0.99985987
2685,0.9982791
2686,0.0012001097
2687,0.30088037
2688,0.9594096
2689,2.3841858e-07
2690,0.095219225
2691,0.075122684
2692,0.00015226007
2693,0.00013667345
2694,0.0005534291
2695,0.039777488
2696,0.21738467
2697,0.9500367
2698,4.172325e-06
2699,8.940697e-08
2700,0.65244544
2701,0.0035803318
2702,0.0010486245
2703,0.8753488
2704,0.020689726
2705,6.3598156e-05
2706,0.12884212
2707,0.0051047504
2708,0.118801385
2709,0.0054781735
2710,0.9499934
2711,0.0015962422
2712,0.9996431
2713,2.2947788e-06
2714,0.99465334
2715,1.1622906e-06
2716,0.98532975
2717,0.116704404
2718,0.9828325
2719,0.00047194958
2720,6.5863132e-06
2721,0.75838685
2722,6.3598156e-05
2723,0.015171945
2724,0.043162405
2725,0.00012558699
2726,0.015596956
2727,0.0010515153
2728,0.74940675
2729,1.7225742e-05
2730,3.477931e-05
2731,0.0
2732,2.3841858e-07
2733,0.9999999
2734,0.0
2735,0.048918754
2736,0.95480263
2737,1.5199184e-06
2738,0.00037497282
2739,0.00034499168
2740,0.9915823
2741,0.7722287
2742,0.9996071
2743,0.0004094541
2744,0.313924
2745,0.8327284
2746,0.0
2747,0.0076257885
2748,9.23872e-07
2749,0.000526458
2750,0.0007485151
2751,0.42286316
2752,0.21595949
2753,0.00088590384
2754,0.00061038136
2755,9.2417e-05
2756,0.0019743145
2757,1.8775463e-06
2758,0.0
2759,0.018501371
2760,7.855892e-05
2761,0.99681914
2762,0.999812
2763,0.77810585
2764,9.23872e-07
2765,0.23120642
2766,0.03637579
2767,0.018822879
2768,2.9802322e-08
2769,6.735325e-06
2770,0.005917728
2771,0.00024673343
2772,0.5614412
2773,0.83131886
2774,0.021805018
2775,0.0013979077
2776,4.339218e-05
2777,0.004250467
2778,0.4159374
2779,0.6609909
2780,2.2441149e-05
2781,0.99803907
2782,0.0003438592
2783,0.99972206
2784,0.0005752146
2785,1.0
2786,0.0
2787,0.032692283
2788,0.00041511655
2789,0.99973524
2790,0.8666372
2791,3.0875206e-05
2792,0.0004724264
2793,0.13343823
2794,2.9802322e-08
2795,0.0014358461
2796,4.827976e-06
2797,4.2021275e-06
2798,0.0
2799,0.0026603937
2800,0.9999527
2801,0.18266219
2802,0.5592275
2803,0.0
2804,0.0
2805,0.017418027
2806,0.0036515296
2807,0.4628538
2808,0.0004735887
2809,1.090765e-05
2810,0.07897562
2811,0.012004793
2812,0.8688812
2813,0.0021505356
2814,0.033180833
2815,2.682209e-07
2816,5.662441e-07
2817,0.9990963
2818,7.0929527e-06
2819,0.8386806
2820,0.010899097
2821,0.064249516
2822,0.5650985
2823,1.9222498e-05
2824,0.9863491
2825,0.011431873
2826,0.00028255582
2827,0.99821603
2828,3.2782555e-07
2829,0.0001604855
2830,0.0013181269
2831,0.09636605
2832,0.00073975325
2833,0.017124116
2834,4.208088e-05
2835,2.0861626e-07
2836,0.003000021
2837,0.0010341108
2838,0.00028824806
2839,0.00016841292
2840,1.758337e-06
2841,0.0018205941
2842,1.3828278e-05
2843,0.0
2844,4.261732e-05
2845,0.023691267
2846,0.17650321
2847,0.99999875
2848,0.353898
2849,0.0
2850,0.0254201
2851,0.3904495
2852,0.99999976
2853,0.9999995
2854,0.6441014
2855,0.00013616681
2856,0.047349602
2857,0.7906314
2858,0.0078033507
2859,1.4901161e-07
2860,0.9978882
2861,1.4901161e-07
2862,0.8643525
2863,0.73414207
2864,0.9999999
2865,0.99926174
2866,0.99960554
2867,0.0003746152
2868,0.024307787
2869,4.3809414e-06
2870,0.99997675
2871,6.0796738e-06
2872,1.758337e-06
2873,0.0
2874,1.3411045e-06
2875,0.00020706654
2876,0.110192746
2877,4.9471855e-06
2878,5.8710575e-06
2879,0.9999788
2880,0.0
2881,0.0
2882,0.9980061
2883,0.07312158
2884,1.4126301e-05
2885,0.37127692
2886,0.99991846
2887,0.0
2888,0.060953856
2889,4.440546e-06
2890,0.7934207
2891,0.0024136305
2892,0.12648177
2893,0.548618
2894,0.91018397
2895,0.025611639
2896,0.0
2897,0.953282
2898,0.0015302896
2899,0.994757
2900,0.9449137
2901,0.24435955
2902,0.0
2903,4.4345856e-05
2904,0.999017
2905,0.0
2906,0.0
2907,5.6624413e-05
2908,1.4901161e-07
2909,0.74640495
2910,0.15641463
2911,2.9802322e-08
2912,0.0005517602
2913,4.172325e-07
2914,0.010494947
2915,0.98070323
2916,0.008339763
2917,0.0037284791
2918,0.0019643903
2919,1.2069941e-05
2920,3.3080578e-06
2921,0.00011467934
2922,0.00012677908
2923,0.01515013
2924,0.96257234
2925,0.3736703
2926,8.6426735e-07
2927,0.02187702
2928,4.6998262e-05
2929,0.059747547
2930,0.128265
2931,0.96632093
2932,0.01784283
2933,2.9802322e-08
2934,0.010365397
2935,0.35622287
2936,2.0861626e-07
2937,0.0
2938,0.99983156
2939,0.66530895
2940,1.0937452e-05
2941,0.99215287
2942,0.8673686
2943,0.09487304
2944,0.8622068
2945,0.0
2946,0.7694049
2947,0.039049596
2948,0.0
2949,0.0012371838
2950,0.0011464059
2951,0.00957948
2952,5.4210424e-05
2953,1.0
2954,0.003926009
2955,0.0
2956,0.07923216
2957,2.3841858e-07
2958,0.012091637
2959,0.99967194
2960,0.1998407
2961,0.009105355
2962,0.0011200607
2963,0.07837522
2964,0.009541661
2965,0.0031112432
2966,0.0
2967,1.8119812e-05
2968,0.99782896
2969,0.826614
2970,2.592802e-06
2971,0.00019839406
2972,0.07565284
2973,0.5532178
2974,0.99877036
2975,0.62202036
2976,0.8747443
2977,1.3649464e-05
2978,0.00011563301
2979,0.0035563111
2980,0.0
2981,0.0015995502
2982,0.012307584
2983,1.7881393e-07
2984,0.00036641955
2985,0.0072823763
2986,0.3706577
2987,0.016554743
2988,0.10752007
2989,0.03134021
2990,0.21347293
2991,0.00018829107
2992,4.053116e-06
2993,0.0
2994,0.7987185
2995,3.1143427e-05
2996,0.053280085
2997,0.28503633
2998,0.5065398
2999,0.0
3000,0.17404807
3001,0.8150692
3002,0.9999496
3003,0.00042164326
3004,0.007110566
3005,0.9881325
3006,9.536743e-06
3007,0.0026932657
3008,3.993511e-06
3009,7.930398e-05
3010,0.009654731
3011,0.85126567
3012,0.10267508
3013,9.730458e-05
3014,0.000156492
3015,0.90711606
3016,1.7881393e-07
3017,0.16111091
3018,6.9737434e-06
3019,1.0
3020,0.0
3021,3.874302e-07
3022,0.7064525
3023,0.83270204
3024,0.9948077
3025,0.003916502
3026,8.34465e-06
3027,0.99874806
3028,2.8908253e-06
3029,1.0
3030,0.9690695
3031,3.6358833e-06
3032,0.69936717
3033,1.0
3034,0.980847
3035,0.023017824
3036,0.0020709932
3037,1.3917685e-05
3038,1.7285347e-06
3039,0.02066964
3040,0.0024271607
3041,2.0831823e-05
3042,0.00023695827
3043,0.9993254
3044,0.09572187
3045,0.033364236
3046,0.0126027465
3047,2.1785498e-05
3048,0.70573616
3049,2.0861626e-07
3050,3.787875e-05
3051,0.008836508
3052,0.0021858513
3053,0.99258685
3054,1.0
3055,0.019818366
3056,0.0045416057
3057,1.1920929e-07
3058,9.474158e-05
3059,0.0
3060,0.00022006035
3061,0.22434977
3062,0.0
3063,0.08566773
3064,0.9853078
3065,0.0014316142
3066,0.0034778416
3067,9.87947e-05
3068,0.0006378591
3069,0.3215158
3070,1.2516975e-06
3071,6.28829e-06
3072,6.556511e-07
3073,0.0
3074,0.9925934
3075,6.443262e-05
3076,8.72314e-05
3077,0.21089593
3078,0.9909856
3079,1.7881393e-07
3080,0.9999907
3081,0.93609977
3082,0.9995316
3083,3.5464764e-06
3084,7.57575e-05
3085,2.3841858e-07
3086,0.0018234253
3087,0.0003940463
3088,0.0
3089,0.05176148
3090,0.0036284328
3091,1.847744e-05
3092,2.9802322e-08
3093,0.5743259
3094,0.0008766353
3095,0.99999547
3096,0.0
3097,0.99999917
3098,0.9740926
3099,0.9994873
3100,0.005230278
3101,0.45254022
3102,0.0
3103,0.99996614
3104,0.005412519
3105,0.9331322
3106,0.99983394
3107,0.9976438
3108,0.04873413
3109,0.0
3110,6.854534e-07
3111,0.9997002
3112,0.30051348
3113,0.9927734
3114,0.00039502978
3115,0.9723978
3116,0.005040407
3117,0.9012863
3118,1.7881393e-07
3119,2.7447939e-05
3120,1.218915e-05
3121,0.999465
3122,0.67247725
3123,8.46386e-06
3124,0.00027653575
3125,0.9999933
3126,0.00025457144
3127,1.2218952e-05
3128,0.00095269084
3129,0.052734584
3130,0.034666985
3131,0.9380535
3132,1.1622906e-06
3133,0.8542814
3134,2.9802322e-07
3135,0.021773458
3136,0.91031814
3137,0.99998695
3138,9.6440315e-05
3139,0.00034487247
3140,0.0012280643
3141,1.0
3142,0.045279294
3143,0.99992514
3144,6.854534e-07
3145,0.9749094
3146,0.9318031
3147,0.0035066605
3148,0.13899559
3149,0.0044800937
3150,0.00011372566
3151,1.6093254e-06
3152,3.644824e-05
3153,0.0095540285
3154,4.7683716e-07
3155,0.0026921034
3156,6.7174435e-05
3157,9.23872e-07
3158,0.013436168
3159,0.004733026
3160,5.9604645e-08
3161,0.0060167015
3162,0.9057529
3163,0.0002438724
3164,1.0
3165,0.94254136
3166,0.18920091
3167,0.093489826
3168,0.98548156
3169,0.0
3170,0.99989915
3171,0.0724853
3172,3.2186508e-05
3173,0.011927038
3174,0.99979395
3175,2.9802322e-08
3176,0.9177523
3177,0.0
3178,0.0
3179,0.000101685524
3180,1.7881393e-07
3181,0.0
3182,0.032239437
3183,0.9547784
3184,0.9984981
3185,5.9604645e-08
3186,2.9802322e-08
3187,0.079871505
3188,8.493662e-06
3189,2.0861626e-07
3190,4.4703484e-07
3191,9.298325e-06
3192,2.861023e-06
3193,2.0861626e-07
3194,0.0
3195,0.9999883
3196,3.1292439e-06
3197,4.1127205e-06
3198,0.010939419
3199,0.62495804
3200,0.0018761158
3201,0.91625226
3202,0.0
3203,0.00012090802
3204,1.2099743e-05
3205,5.662441e-07
3206,0.079773724
3207,0.930889
3208,0.0
3209,1.2218952e-05
3210,5.453825e-06
3211,2.682209e-07
3212,0.99986005
3213,0.00083610415
3214,4.172325e-07
3215,0.9999988
3216,0.99999106
3217,3.2305717e-05
3218,0.076856375
3219,0.2931567
3220,0.0
3221,0.01001206
3222,0.07642859
3223,0.89286387
3224,0.087997586
3225,0.7824513
3226,5.2452087e-06
3227,2.682209e-07
3228,3.5762787e-07
3229,0.02295369
3230,0.00048407912
3231,1.6391277e-06
3232,2.6524067e-05
3233,0.86950094
3234,0.0010622144
3235,0.34828657
3236,4.7683716e-07
3237,4.172325e-07
3238,5.751848e-06
3239,0.32854337
3240,0.00948897
3241,0.0028236806
3242,0.46049678
3243,0.0007944405
3244,0.750468
3245,0.9997902
3246,0.00024196506
3247,1.1920929e-07
3248,8.523464e-06
3249,0.0
3250,0.0061812997
3251,0.99604523
3252,0.0
3253,0.11308497
3254,0.9617382
3255,1.1920929e-07
3256,0.0
3257,0.62732327
3258,0.0
3259,0.00081020594
3260,0.02220717
3261,2.0563602e-06
3262,0.0
3263,0.00093084574
3264,0.0016395152
3265,0.99921465
3266,0.34262806
3267,0.028584957
3268,0.99980533
3269,1.1920929e-07
3270,0.7006348
3271,5.9604645e-08
3272,0.002384305
3273,0.8429462
3274,0.008937448
3275,0.0
3276,0.025531113
3277,0.0
3278,3.0696392e-06
3279,8.940697e-08
3280,1.5616417e-05
3281,2.0861626e-07
3282,4.5388937e-05
3283,0.0
3284,0.0010910928
3285,2.1457672e-06
3286,3.2484531e-06
3287,0.03183064
3288,0.00010344386
3289,0.7133639
3290,0.3949594
3291,0.00021588802
3292,0.0
3293,0.9827374
3294,0.8284164
3295,0.0047123134
3296,0.08106661
3297,0.9955268
3298,0.046351105
3299,0.10322267
3300,7.0124865e-05
3301,0.01144138
3302,0.0012649894
3303,1.2636185e-05
3304,5.77569e-05
3305,5.9604645e-08
3306,0.22806042
3307,0.00050216913
3308,2.771616e-06
3309,0.0
3310,0.0173136
3311,4.9889088e-05
3312,0.07093829
3313,2.9683113e-05
3314,1.4305115e-06
3315,0.10038978
3316,0.809627
3317,0.0330365
3318,1.4603138e-06
3319,0.010078996
3320,1.2040138e-05
3321,0.9975467
3322,0.9970515
3323,0.99987924
3324,0.9989679
3325,3.8444996e-06
3326,8.940697e-08
3327,0.0002759397
3328,0.9873848
3329,6.854534e-07
3330,0.9254918
3331,0.0036981702
3332,0.0
3333,7.867813e-06
3334,0.00013157725
3335,7.4505806e-07
3336,0.1284971
3337,0.023517132
3338,0.04371971
3339,0.93228227
3340,0.015548527
3341,0.0106273
3342,0.046831816
3343,0.0014632344
3344,0.00024440885
3345,0.00044703484
3346,0.12563574
3347,5.1259995e-06
3348,0.0
3349,2.0563602e-06
3350,0.9992909
3351,0.0182589
3352,0.0013424456
3353,0.0
3354,0.06662506
3355,8.821487e-06
3356,3.2782555e-06
3357,0.00011602044
3358,4.9114227e-05
3359,0.9885136
3360,1.0192394e-05
3361,0.0009951591
3362,0.33803862
3363,0.9999986
3364,0.99954104
3365,0.0
3366,1.4007092e-06
3367,0.039744467
3368,0.052678615
3369,1.7881393e-07
3370,0.0
3371,0.0035925806
3372,8.34465e-07
3373,0.0032265186
3374,2.9802322e-08
3375,0.046874076
3376,0.99460316
3377,7.337332e-05
3378,0.0049604177
3379,3.8832426e-05
3380,0.99999946
3381,8.940697e-07
3382,0.99279153
3383,0.8547149
3384,0.5204395
3385,0.0
3386,3.7431717e-05
3387,0.0122873485
3388,0.9997875
3389,0.008532077
3390,0.0
3391,0.00014951825
3392,0.0
3393,8.016825e-06
3394,0.99996424
3395,0.0009938776
3396,1.4901161e-07
3397,0.0006016791
3398,0.0
3399,0.13195515
3400,0.5657744
3401,0.014136374
3402,0.0058295727
3403,1.9788742e-05
3404,1.4901161e-07
3405,0.0
3406,4.7683716e-07
3407,4.7683716e-06
3408,0.0
3409,0.31183058
3410,0.00515455
3411,1.2814999e-05
3412,2.9802322e-08
3413,0.0
3414,0.0
3415,1.0
3416,0.99919045
3417,0.0
3418,0.021627903
3419,0.7186467
3420,0.941841
3421,0.0031024218
3422,1.5467405e-05
3423,1.5795231e-06
3424,0.9909049
3425,0.8271065
3426,6.2704086e-05
3427,3.2186508e-06
3428,0.012981951
3429,0.85803914
3430,0.0
3431,0.120934784
3432,0.99835646
3433,0.00015506148
3434,0.13961005
3435,4.172325e-07
3436,0.0026090145
3437,0.017955333
3438,2.3841858e-05
3439,0.018087834
3440,1.1622906e-06
3441,0.0
3442,0.986925
3443,4.7683716e-07
3444,0.002076447
3445,0.40990707
3446,0.0
3447,5.9604645e-08
3448,0.0008314252
3449,0.62590957
3450,0.00060656667
3451,1.7881393e-07
3452,0.17025456
3453,4.7385693e-06
3454,0.0
3455,0.0033046901
3456,0.3116543
3457,1.0
3458,0.999999
3459,2.771616e-06
3460,2.2053719e-06
3461,4.261732e-06
3462,0.0
3463,0.0009973347
3464,0.015252978
3465,0.10466334
3466,0.0
3467,2.7000904e-05
3468,0.011813968
3469,0.00043070316
3470,0.9999428
3471,0.16445029
3472,0.99978006
3473,0.0
3474,0.10307503
3475,0.00025567412
3476,2.3543835e-06
3477,0.86555314
3478,0.014673859
3479,2.771616e-05
3480,0.80758107
3481,0.044011742
3482,0.99867654
3483,0.9999991
3484,2.899766e-05
3485,0.6229588
3486,0.99856377
3487,0.0003683567
3488,0.01167208
3489,0.039319754
3490,0.00029698014
3491,0.9451268
3492,0.95304775
3493,1.4901161e-06
3494,0.9999999
3495,0.08643988
3496,2.9802322e-07
3497,7.748604e-07
3498,1.5199184e-06
3499,0.9481598
3500,2.1874905e-05
3501,0.053012043
3502,0.72924185
3503,0.00067046285
3504,2.1219254e-05
3505,0.0
3506,7.4505806e-07
3507,0.00070267916
3508,0.06924355
3509,2.9802322e-08
3510,0.5366309
3511,0.96985185
3512,0.99996835
3513,0.9046978
3514,1.1920929e-07
3515,0.0
3516,0.21604696
3517,2.655387e-05
3518,0.9930892
3519,0.93042845
3520,0.0008957684
3521,0.9999937
3522,0.35888267
3523,0.00025326014
3524,2.2649765e-06
3525,6.762147e-05
3526,0.9923456
3527,0.9999975
3528,0.99909455
3529,0.0010481775
3530,6.1392784e-06
3531,1.579523e-05
3532,1.2814999e-06
3533,2.5331974e-06
3534,0.0012208223
3535,0.00045838952
3536,0.5823938
3537,1.1384487e-05
3538,0.0
3539,0.036686927
3540,0.98309124
3541,0.24787185
3542,2.3841858e-07
3543,0.07671517
3544,2.682209e-07
3545,0.97837806
3546,0.0
3547,0.0
3548,5.9604645e-08
3549,1.0
3550,0.00013947487
3551,8.940697e-08
3552,0.691904
3553,0.99216545
3554,1.7881393e-07
3555,0.05404517
3556,1.4901161e-07
3557,0.0
3558,2.8908253e-06
3559,0.0
3560,0.97885966
3561,0.0
3562,0.0
3563,0.0003990829
3564,0.0
3565,0.980723
3566,0.9939611
3567,0.0
3568,6.2584877e-07
3569,1.1920929e-07
3570,4.7683716e-07
3571,7.352233e-05
3572,2.3901463e-05
3573,0.0
3574,0.92231655
3575,0.0011971593
3576,0.0
3577,0.0
3578,0.9977861
3579,0.00040498376
3580,0.0
3581,2.0861626e-07
3582,0.0016005635
3583,0.00095301867
3584,7.888675e-05
3585,1.4901161e-07
3586,0.0
3587,5.662441e-07
3588,0.99230134
3589,0.048365116
3590,0.00014343858
3591,0.99996495
3592,5.4210424e-05
3593,2.3841858e-07
3594,0.0
3595,0.0038864017
3596,0.0
3597,6.854534e-07
3598,0.99696887
3599,0.9322717
3600,0.17890206
3601,0.6469189
3602,0.00010302663
3603,5.9604645e-08
3604,0.5572083
3605,0.00042262673
3606,8.6426735e-07
3607,0.0063287616
3608,0.92126906
3609,0.21277252
3610,0.00011271238
3611,0.0079574585
3612,0.00033974648
3613,0.99999994
3614,0.0
3615,2.3841858e-06
3616,0.97416955
3617,5.662441e-07
3618,0.9860318
3619,0.0013868809
3620,1.4901161e-07
3621,0.0015638173
3622,0.2483592
3623,0.99940765
3624,1.1920929e-07
3625,1.0
3626,0.98473966
3627,0.027725577
3628,0.00027140975
3629,0.8305157
3630,0.000106841326
3631,0.9891908
3632,0.99983037
3633,0.09062499
3634,5.2154064e-06
3635,0.03663382
3636,0.31294498
3637,2.9802322e-07
3638,0.9999906
3639,2.115965e-06
3640,0.9999997
3641,0.96692276
3642,0.0
3643,0.99999523
3644,8.666515e-05
3645,1.3411045e-06
3646,0.0
3647,3.427267e-05
3648,4.142523e-06
3649,0.00035825372
3650,9.316206e-05
3651,0.9902663
3652,0.0
3653,6.854534e-06
3654,0.0
3655,5.9604645e-08
3656,0.0005686879
3657,0.0
3658,0.0003338158
3659,0.00017946959
3660,2.0772219e-05
3661,1.2814999e-06
3662,0.14781186
3663,0.0
3664,1.1920929e-07
3665,3.5762787e-07
3666,2.0861626e-07
3667,0.745565
3668,0.020256966
3669,1.6540289e-05
3670,0.82343495
3671,3.516674e-06
3672,0.3766949
3673,0.0
3674,0.087068975
3675,0.009220332
3676,0.00015038252
3677,0.8736003
3678,5.632639e-06
3679,0.0004956126
3680,0.18979761
3681,0.0
3682,1.4603138e-06
3683,1.4901161e-07
3684,0.95047474
3685,0.002689302
3686,0.0007672906
3687,0.0013971925
3688,2.5987625e-05
3689,3.3676624e-06
3690,0.9132024
3691,0.00014314055
3692,0.00021931529
3693,0.0
3694,0.03242749
3695,0.9986399
3696,0.0
3697,4.172325e-06
3698,0.0
3699,6.5863132e-06
3700,0.31619138
3701,0.9999999
3702,0.050700396
3703,0.026884317
3704,0.9999981
3705,0.00047925115
3706,0.0020346045
3707,0.0
3708,2.413988e-06
3709,0.00012084842
3710,0.0
3711,0.06557828
3712,1.30832195e-05
3713,1.1920929e-07
3714,0.0
3715,1.859665e-05
3716,1.1593103e-05
3717,2.9802322e-07
3718,0.0
3719,4.172325e-07
3720,0.00020855665
3721,0.44017074
3722,1.1503696e-05
3723,2.9802322e-08
3724,0.9999999
3725,3.5762787e-07
3726,0.9999892
3727,4.759431e-05
3728,0.0
3729,4.1127205e-05
3730,0.99999934
3731,8.940697e-08
3732,0.9953275
3733,0.00035652518
3734,0.019075394
3735,0.9999951
3736,3.606081e-06
3737,0.0
3738,0.00017496943
3739,0.0
3740,0.9999925
3741,0.0017305315
3742,0.00012555718
3743,0.0
3744,0.024572581
3745,0.00044494867
3746,1.0
3747,0.00021383166
3748,4.172325e-07
3749,0.99988115
3750,0.0
3751,0.05442813
3752,5.070297e-07
3753,1.0
3754,4.1825097e-16
