round_epochs,val_loss,val_acc,loss,acc,first_layer,second_layer,batch_size,epochs
320,0.045300751,0.984478936,0.012929292,0.997621313,512,128,64,320
320,0.084814721,0.985587583,0.034164259,0.997145576,512,64,128,320
320,0.051359932,0.984478936,0.030677198,0.997145576,128,256,64,320
320,0.077986867,0.984478936,0.035951459,0.996669838,128,512,128,320
320,0.063670225,0.984478936,0.023897003,0.996669838,256,128,64,320
320,0.038070834,0.986696231,0.012444523,0.996669838,512,512,64,320
320,0.044367855,0.983370288,0.013639999,0.996194101,512,256,64,320
320,0.080340136,0.987804878,0.026755793,0.996194101,512,128,128,320
320,0.043093856,0.983370288,0.015496718,0.996194101,256,512,64,320
160,0.100379866,0.975609756,0.041061453,0.996194101,128,512,64,160
320,0.088758881,0.982261641,0.031317898,0.996194101,64,512,64,320
320,0.072836755,0.986696231,0.033358738,0.996194101,256,64,64,320
320,0.082173547,0.981152993,0.028289536,0.996194101,128,128,128,320
320,0.122247041,0.977827051,0.053330966,0.996194101,256,128,128,320
320,0.13156252,0.980044346,0.050226754,0.996194101,256,256,128,320
320,0.058923223,0.985587583,0.028361272,0.995718364,512,64,64,320
320,0.079148443,0.982261641,0.03123801,0.995718364,64,128,64,320
320,0.076554368,0.987804878,0.030204677,0.995718363,128,512,64,320
320,0.101232606,0.980044346,0.029714243,0.995718363,16,512,64,320
320,0.080498221,0.982261641,0.038181856,0.995718363,64,256,64,320
320,0.139184447,0.981152995,0.061599408,0.995718363,512,256,256,320
320,0.090763791,0.980044346,0.040260771,0.995718363,128,256,128,320
320,0.12271453,0.982261641,0.04355069,0.995242626,512,512,128,320
320,0.080449352,0.983370288,0.034170104,0.995242626,32,512,64,320
320,0.137581164,0.980044346,0.050048149,0.995242626,512,256,128,320
320,0.126330464,0.982261641,0.046445048,0.995242626,256,512,128,320
320,0.047751502,0.984478936,0.014596178,0.995242626,256,256,64,320
320,0.059288328,0.983370288,0.0323964,0.995242626,256,32,64,320
320,0.083697469,0.983370288,0.042221982,0.995242626,128,64,64,320
320,0.078448497,0.980044346,0.03232507,0.995242626,512,16,64,320
320,0.112329147,0.982261641,0.042649079,0.994766889,128,128,64,320
320,0.07857314,0.977827051,0.045888558,0.994766889,64,32,128,320
320,0.062482696,0.978935698,0.028848478,0.994766889,512,8,128,320
320,0.054024285,0.983370288,0.022817195,0.994766889,512,8,64,320
320,0.081297785,0.984478936,0.035711103,0.994766889,512,32,128,320
320,0.095340498,0.978935698,0.045102334,0.994291152,64,512,128,320
320,0.059353459,0.983370288,0.033689965,0.994291151,32,32,64,320
320,0.132418959,0.977827055,0.057419851,0.994291151,512,128,256,320
320,0.067144041,0.983370288,0.038965052,0.994291151,128,16,64,320
320,0.057778007,0.982261641,0.026866661,0.994291151,512,32,64,320
160,0.123399948,0.982261641,0.055488029,0.994291151,512,256,64,160
160,0.068393989,0.978935698,0.035506438,0.994291151,512,512,64,160
320,0.128678784,0.981152994,0.051976364,0.994291151,512,512,256,320
320,0.112089026,0.974501109,0.05311482,0.994291151,64,256,128,320
320,0.082243646,0.978935698,0.045900293,0.993815414,32,512,128,320
320,0.14908479,0.976718405,0.059214748,0.993815414,256,512,256,320
320,0.096755527,0.983370288,0.049169922,0.993815414,32,64,64,320
320,0.106430629,0.982261641,0.054759952,0.993815414,128,32,64,320
320,0.13572989,0.978935699,0.059581887,0.993815414,256,256,256,320
320,0.073496374,0.980044346,0.027729317,0.993339677,256,8,64,320
320,0.082512139,0.983370288,0.035662533,0.993339677,32,256,64,320
320,0.076353761,0.980044346,0.038258771,0.993339676,64,64,64,320
320,0.077704134,0.984478936,0.04525183,0.993339676,32,8,64,320
320,0.114765947,0.975609757,0.062163553,0.99286394,512,512,512,320
320,0.110415097,0.984478936,0.04945342,0.992863939,256,32,128,320
320,0.097160242,0.981152994,0.056009009,0.992863939,512,64,256,320
320,0.093092415,0.982261641,0.044024604,0.992863939,64,32,64,320
320,0.092902408,0.976718404,0.042105088,0.992863939,128,64,128,320
320,0.074095965,0.982261641,0.03632858,0.992863938,16,64,64,320
320,0.079870386,0.981152993,0.038752188,0.992388202,32,128,64,320
320,0.075105008,0.981152993,0.040963248,0.992388202,256,16,64,320
320,0.087851183,0.975609756,0.037721902,0.992388202,16,256,64,320
160,0.08469536,0.985587583,0.054222627,0.992388202,256,128,64,160
320,0.077694974,0.978935698,0.046847317,0.992388202,256,64,128,320
320,0.065128018,0.978935698,0.032534635,0.991912465,128,8,64,320
160,0.096618771,0.981152993,0.050919141,0.991912465,512,512,128,160
320,0.078407755,0.982261641,0.050448848,0.991912465,16,8,64,320
160,0.110517513,0.975609756,0.058895799,0.991912465,32,512,64,160
320,0.098469413,0.977827051,0.065495268,0.991912464,64,16,128,320
320,0.087159668,0.978935699,0.050870836,0.991912464,512,32,256,320
320,0.088705733,0.976718404,0.050465513,0.991912464,32,128,128,320
320,0.088378204,0.975609756,0.057506915,0.991912464,256,8,128,320
320,0.072090644,0.980044346,0.037547952,0.991912464,16,128,64,320
320,0.058398642,0.982261641,0.042313757,0.991912464,8,512,128,320
320,0.087371788,0.980044346,0.035949437,0.991436727,512,16,128,320
160,0.144697525,0.977827051,0.068687446,0.991436727,512,256,128,160
320,0.088779938,0.977827053,0.047103507,0.991436727,64,512,256,320
320,0.068212504,0.980044346,0.038780203,0.991436727,64,8,64,320
160,0.143302319,0.978935698,0.059941182,0.991436727,256,256,64,160
320,0.09833196,0.97450111,0.053283516,0.991436727,128,512,256,320
320,0.082460244,0.981152993,0.058800322,0.991436727,128,8,128,320
320,0.07941492,0.981152993,0.057650639,0.99096099,256,16,128,320
320,0.076493591,0.978935698,0.048139094,0.99096099,16,128,128,320
320,0.088083143,0.981152993,0.058431612,0.99096099,128,16,128,320
320,0.098623372,0.976718404,0.051214842,0.99096099,512,16,256,320
160,0.09622392,0.977827051,0.060106006,0.99096099,256,32,64,160
320,0.073399032,0.981152993,0.050506089,0.99096099,32,64,128,320
160,0.145299683,0.982261641,0.065843375,0.99096099,64,512,64,160
160,0.080850064,0.983370288,0.053976413,0.99096099,512,64,64,160
320,0.092162246,0.978935698,0.043158676,0.99096099,8,512,64,320
320,0.090748496,0.983370288,0.056541313,0.99096099,16,512,128,320
320,0.081514919,0.981152993,0.050443887,0.99096099,128,32,128,320
160,0.167075017,0.972283815,0.083459469,0.99096099,512,512,256,160
320,0.087948506,0.977827051,0.047649868,0.990485252,64,128,128,320
160,0.131635929,0.975609756,0.072680732,0.990485252,128,256,64,160
320,0.083080878,0.978935698,0.049070088,0.990485252,32,16,64,320
160,0.072083964,0.985587583,0.037569824,0.990485252,256,512,64,160
160,0.097782642,0.975609756,0.06229473,0.990485252,256,512,128,160
160,0.082239838,0.984478936,0.043151792,0.990485252,512,128,64,160
320,0.097732949,0.977827051,0.060908291,0.990485252,64,64,128,320
320,0.086813147,0.981152993,0.051441501,0.990485252,16,32,64,320
320,0.111196333,0.975609756,0.069838624,0.990485252,64,8,128,320
320,0.083888912,0.981152993,0.055889254,0.990485252,64,16,64,320
320,0.103714314,0.978935699,0.0640014,0.990009515,256,128,256,320
320,0.123948075,0.970066522,0.076982724,0.990009515,64,256,256,320
320,0.108161218,0.975609757,0.069162943,0.990009515,128,256,256,320
320,0.099945853,0.976718404,0.067378799,0.990009515,128,64,256,320
320,0.073800011,0.984478936,0.058880115,0.990009515,8,32,64,320
160,0.085295789,0.981152993,0.055226713,0.989533778,256,64,64,160
320,0.101006372,0.971175166,0.068724723,0.989533778,32,16,128,320
320,0.095875488,0.976718404,0.068503498,0.989533778,8,256,128,320
160,0.107857491,0.981152993,0.065937247,0.989533777,128,64,64,160
320,0.121694394,0.972283814,0.075914281,0.989533777,32,32,128,320
160,0.071327315,0.982261641,0.047256551,0.989058041,512,8,64,160
160,0.07678148,0.981152993,0.047160755,0.989058041,512,32,64,160
160,0.098679269,0.977827051,0.059794135,0.98905804,256,16,64,160
320,0.085361497,0.983370288,0.0588456,0.98905804,8,128,64,320
320,0.114539357,0.973392465,0.08312026,0.98905804,256,64,256,320
160,0.109436478,0.983370288,0.060917619,0.98905804,512,128,128,160
320,0.096283994,0.975609756,0.05487934,0.988582303,32,256,128,320
320,0.102522711,0.971175168,0.059011485,0.988582303,128,128,256,320
160,0.120465814,0.973392461,0.077875985,0.988106566,512,8,128,160
320,0.116037208,0.973392463,0.073350453,0.988106565,256,16,256,320
160,0.143324457,0.977827051,0.061905014,0.988106565,128,128,64,160
160,0.129753403,0.971175166,0.083027834,0.988106565,32,128,64,160
80,0.142338117,0.984478936,0.083373944,0.988106565,512,512,64,80
320,0.091559435,0.975609756,0.061083499,0.988106565,16,16,64,320
160,0.112790751,0.976718404,0.071479509,0.988106565,128,32,64,160
320,0.12785056,0.965631932,0.075818487,0.987630828,64,128,256,320
320,0.102089596,0.973392461,0.065772765,0.987630828,16,256,128,320
320,0.100721024,0.976718406,0.075151987,0.987155091,256,8,256,320
320,0.099452851,0.977827051,0.069609385,0.987155091,8,16,64,320
160,0.108520318,0.975609756,0.064030251,0.987155091,128,8,64,160
160,0.110871862,0.974501109,0.06776023,0.987155091,64,256,64,160
320,0.108125589,0.972283816,0.072530753,0.987155091,256,32,256,320
160,0.076646577,0.980044346,0.063386383,0.987155091,512,16,64,160
320,0.074090813,0.980044346,0.059556465,0.98715509,8,64,64,320
320,0.096719841,0.980044346,0.057432201,0.986679354,8,256,64,320
320,0.111973987,0.974501111,0.082905486,0.986679353,32,64,256,320
160,0.141244562,0.973392461,0.09139549,0.986679353,128,128,128,160
160,0.121895391,0.975609756,0.078181493,0.986679353,512,64,128,160
160,0.089632244,0.978935698,0.056262798,0.986679353,256,8,64,160
160,0.140264277,0.972283814,0.0873477,0.986203616,128,256,128,160
320,0.10128335,0.978935698,0.074317459,0.986203616,8,64,128,320
320,0.089440032,0.972283817,0.061185955,0.986203616,512,8,256,320
160,0.137832901,0.977827051,0.074782295,0.986203616,64,128,64,160
160,0.140596593,0.967849224,0.091268455,0.986203616,32,512,128,160
320,0.164663097,0.968957859,0.090407199,0.986203616,256,512,512,320
320,0.131873733,0.972283816,0.086711204,0.986203616,128,32,256,320
160,0.114916405,0.971175166,0.066948332,0.986203615,16,256,64,160
160,0.124804401,0.975609756,0.078714482,0.985727879,64,64,64,160
160,0.176241977,0.968957871,0.09156698,0.985727878,16,512,64,160
160,0.171404023,0.975609756,0.087634339,0.985727878,128,512,128,160
320,0.156001357,0.97450111,0.096334472,0.985727878,128,16,256,320
160,0.13524986,0.966740576,0.081939862,0.985252141,64,512,128,160
320,0.118680174,0.973392463,0.089578234,0.985252141,64,64,256,320
160,0.099370813,0.968957871,0.066013217,0.985252141,128,16,64,160
320,0.171647622,0.963414623,0.095804414,0.985252141,256,256,512,320
160,0.170715323,0.974501109,0.091745928,0.985252141,512,32,128,160
320,0.101647664,0.972283814,0.077391811,0.985252141,16,32,128,320
320,0.09547509,0.971175167,0.070948764,0.985252141,512,256,512,320
320,0.120252901,0.966740577,0.086902218,0.985252141,512,64,512,320
320,0.122199006,0.972283817,0.084610942,0.984776404,32,256,256,320
80,0.12612929,0.967849224,0.099938901,0.984776404,128,512,64,80
320,0.107293639,0.973392449,0.078666148,0.984776403,512,128,512,320
320,0.127902862,0.968957874,0.074790741,0.984776403,8,512,256,320
160,0.115746765,0.972283814,0.086503897,0.984300666,256,64,128,160
160,0.102973576,0.978935698,0.054646346,0.984300666,256,256,128,160
320,0.119296569,0.970066519,0.085517275,0.984300665,32,8,128,320
160,0.091374897,0.976718404,0.074557965,0.983824929,8,128,64,160
160,0.115132787,0.972283814,0.075532927,0.983824929,512,16,128,160
160,0.109135368,0.966740576,0.090636772,0.983824929,256,128,128,160
320,0.130967052,0.96674058,0.092391418,0.983349192,32,512,256,320
320,0.110580439,0.971175166,0.074448719,0.983349192,16,64,128,320
320,0.126745565,0.968957874,0.10019344,0.983349192,128,8,256,320
80,0.175816546,0.966740576,0.099570137,0.983349191,256,256,64,80
160,0.175350567,0.970066523,0.102986356,0.983349191,256,512,256,160
160,0.163347644,0.966740578,0.091627692,0.982873454,512,128,256,160
160,0.182570572,0.966740576,0.104351904,0.982873453,64,256,128,160
80,0.118712142,0.973392461,0.086295648,0.982397717,512,128,64,80
160,0.116995155,0.966740576,0.078233098,0.982397716,32,256,64,160
80,0.158056581,0.973392461,0.090935275,0.98192198,256,512,64,80
320,0.135094126,0.968957872,0.105435075,0.981921979,256,128,512,320
160,0.123674689,0.968957871,0.095960552,0.981921979,128,64,128,160
320,0.136164936,0.967849227,0.101081786,0.981921979,64,16,256,320
320,0.10565469,0.978935698,0.087124784,0.981921979,8,8,64,320
160,0.147916107,0.976718404,0.095941478,0.981446242,64,32,64,160
160,0.11154855,0.977827051,0.087504807,0.981446242,64,16,64,160
160,0.151425253,0.972283814,0.09751547,0.981446242,256,32,128,160
320,0.138440095,0.96563193,0.100837785,0.981446241,128,512,512,320
320,0.152804303,0.962305989,0.096067681,0.980970505,16,512,256,320
160,0.110858369,0.974501109,0.08761615,0.980970505,16,64,64,160
160,0.127885869,0.966740572,0.095162744,0.980970504,512,256,256,160
320,0.142222972,0.966740565,0.091394775,0.980970504,512,32,512,320
160,0.166709523,0.967849224,0.118975763,0.98001903,64,128,128,160
80,0.111803248,0.967849224,0.081766535,0.980019029,512,16,64,80
320,0.136413711,0.968957859,0.104177096,0.980019029,256,32,512,320
80,0.185668292,0.971175166,0.102734269,0.979543293,512,512,128,80
80,0.159724096,0.973392461,0.099948037,0.979543292,512,64,64,80
80,0.131226365,0.973392461,0.090547601,0.979543292,512,256,64,80
160,0.146278315,0.960088692,0.088626838,0.979067555,8,512,64,160
320,0.123832997,0.967849224,0.102921543,0.978591818,16,8,128,320
320,0.152609602,0.967849212,0.115537076,0.978591818,128,256,512,320
320,0.136686636,0.968957873,0.110918533,0.978591818,64,32,256,320
160,0.155120942,0.963414636,0.105455935,0.978591818,512,64,256,160
160,0.114566456,0.968957871,0.088314177,0.978591818,64,8,64,160
160,0.127628912,0.972283814,0.106388713,0.978591817,16,128,64,160
160,0.132908044,0.967849224,0.103869303,0.97811608,32,32,64,160
160,0.115428831,0.976718404,0.087540385,0.97811608,32,64,64,160
160,0.129572489,0.964523282,0.105973236,0.97811608,32,16,64,160
320,0.145026813,0.962305975,0.109490925,0.97811608,256,64,512,320
160,0.18180144,0.961197342,0.120549687,0.97811608,256,256,256,160
320,0.13210927,0.956762749,0.106619516,0.97811608,8,128,128,320
320,0.129604409,0.965631917,0.100347501,0.97811608,512,16,512,320
320,0.134960041,0.965631917,0.102894395,0.977640343,512,8,512,320
80,0.157844344,0.966740576,0.115269977,0.977640343,128,256,64,80
160,0.118699076,0.965631929,0.100452585,0.977640343,256,16,128,160
160,0.13404139,0.967849224,0.109482519,0.977640343,256,8,128,160
320,0.14663769,0.965631932,0.10347374,0.976688868,32,128,256,320
320,0.161497017,0.96119734,0.121996841,0.975737394,256,8,512,320
160,0.137567144,0.965631929,0.113238844,0.975737394,32,256,128,160
80,0.14341734,0.970066519,0.105521839,0.975261656,256,128,64,80
320,0.137137574,0.965631932,0.103475987,0.974785919,16,256,256,320
320,0.151376037,0.967849224,0.111253756,0.974785918,16,16,128,320
320,0.136290848,0.970066519,0.118010168,0.974785918,8,16,128,320
160,0.153215587,0.963414634,0.118334333,0.973358707,16,256,128,160
80,0.203208864,0.966740576,0.140012423,0.973358706,512,256,128,80
160,0.155834001,0.962305987,0.119879896,0.972882969,128,32,128,160
80,0.18695815,0.964523282,0.142910218,0.972882969,256,512,128,80
160,0.14551273,0.965631929,0.114807394,0.972882969,32,8,64,160
80,0.123230124,0.968957871,0.101916386,0.972882969,512,32,64,80
160,0.173614403,0.962305983,0.134442606,0.972882969,512,16,256,160
80,0.201313677,0.962305987,0.128048893,0.972407232,256,64,64,80
320,0.166136554,0.956762753,0.13708534,0.972407231,64,8,256,320
160,0.153285769,0.964523282,0.127284094,0.972407231,128,16,128,160
160,0.151605224,0.970066519,0.124994958,0.971931494,128,8,128,160
160,0.172232312,0.963414638,0.124001606,0.971931494,256,128,256,160
80,0.153198715,0.963414634,0.132624208,0.971931494,512,8,64,80
80,0.163684066,0.963414634,0.1239118,0.971455757,128,128,64,80
160,0.122474061,0.966740576,0.105895689,0.971455757,8,64,64,160
160,0.195481136,0.962305989,0.143727845,0.970980018,128,256,256,160
160,0.157164037,0.961197339,0.118551435,0.970504282,16,128,128,160
160,0.150808694,0.961197339,0.107744954,0.970504282,8,256,64,160
320,0.152989155,0.962305987,0.124480888,0.970028544,8,32,128,320
320,0.165413997,0.955654106,0.122481666,0.970028544,32,32,256,320
160,0.139930759,0.967849227,0.1244672,0.970028544,512,32,256,160
160,0.198397077,0.961197343,0.144165639,0.969077069,128,512,256,160
160,0.158685514,0.961197339,0.124748446,0.968601332,16,32,64,160
160,0.164030976,0.960088695,0.139546654,0.968125595,512,8,256,160
80,0.222824699,0.958980044,0.15540079,0.968125595,128,32,64,80
160,0.171038658,0.956762749,0.146180771,0.96717412,64,64,128,160
80,0.169697483,0.960088692,0.148537642,0.96717412,64,128,64,80
80,0.168389063,0.958980044,0.118435372,0.966698383,64,512,64,80
80,0.171613303,0.964523282,0.135156906,0.966222645,256,16,64,80
320,0.201830847,0.954545456,0.157599386,0.966222645,32,512,512,320
320,0.175426682,0.964523283,0.15155123,0.965746908,16,16,256,320
80,0.17509259,0.961197339,0.143275293,0.965746908,512,128,128,80
160,0.201390067,0.95898004,0.14582531,0.965746907,256,64,256,160
320,0.153732663,0.965631929,0.136261494,0.965271171,8,8,128,320
320,0.189585534,0.954545443,0.154275212,0.965271171,64,128,512,320
80,0.206388451,0.961197339,0.161685363,0.96527117,128,64,64,80
320,0.17009841,0.961197327,0.13973133,0.96527117,256,16,512,320
320,0.186062816,0.96119734,0.160156122,0.964795433,64,512,512,320
80,0.186812172,0.956762749,0.147346605,0.964319696,512,16,128,80
320,0.17854947,0.954545443,0.144743362,0.963843959,128,64,512,320
160,0.188141335,0.955654098,0.166598125,0.963843957,256,32,256,160
160,0.158687361,0.962305987,0.141056175,0.962892484,64,32,128,160
80,0.159551894,0.964523282,0.141657404,0.962892483,256,32,64,80
80,0.205801564,0.954545455,0.163915056,0.962416747,512,64,128,80
80,0.213942121,0.955654102,0.150056472,0.962416746,256,256,128,80
160,0.160332373,0.958980044,0.141300585,0.962416746,32,128,128,160
80,0.17390697,0.956762749,0.14318654,0.962416745,256,8,64,80
320,0.189569188,0.9512195,0.167807628,0.961941009,128,16,512,320
160,0.19080012,0.953436811,0.148611017,0.961941008,64,512,256,160
160,0.196581666,0.946784922,0.145100957,0.961465272,16,512,128,160
320,0.185586474,0.955654103,0.151357573,0.961465271,64,256,512,320
160,0.174212375,0.958980044,0.145838575,0.960989534,64,16,128,160
80,0.237425462,0.949002217,0.165947037,0.960989534,128,512,128,80
80,0.210895703,0.966740576,0.15645214,0.960989534,64,256,64,80
320,0.193906386,0.941241689,0.159116413,0.96003806,16,128,256,320
80,0.214642699,0.946784922,0.171360338,0.959562321,64,64,64,80
160,0.185892528,0.953436807,0.160620077,0.959562321,32,32,128,160
320,0.182882651,0.943458984,0.142264042,0.958610846,8,128,256,320
320,0.198027355,0.953436795,0.161194434,0.95813511,128,128,512,320
160,0.18591101,0.95232816,0.154438442,0.95813511,8,256,128,160
160,0.171487529,0.953436807,0.150112252,0.95813511,16,16,64,160
160,0.197093969,0.953436807,0.159744826,0.958135109,32,64,128,160
160,0.171849032,0.955654102,0.147652609,0.957659373,8,8,64,160
160,0.166580473,0.951219512,0.140551098,0.957659372,8,512,128,160
80,0.209366826,0.960088692,0.165982769,0.957659372,512,32,128,80
80,0.209078011,0.944567627,0.176948768,0.957183635,256,128,128,80
80,0.161129437,0.956762749,0.151840035,0.956707898,16,512,64,80
80,0.221066739,0.95232816,0.184130508,0.956707898,128,16,64,80
160,0.185922309,0.957871397,0.160265248,0.956232159,16,8,64,160
160,0.204457329,0.946784926,0.169610326,0.955280685,256,16,256,160
160,0.171072295,0.955654102,0.159818679,0.954804948,8,32,64,160
160,0.195786713,0.946784925,0.186140454,0.954329211,64,256,256,160
320,0.199839582,0.954545443,0.168522206,0.954329211,128,8,512,320
80,0.191631649,0.95232816,0.157434885,0.953853472,32,256,64,80
80,0.237343804,0.945676275,0.160401663,0.953853472,32,512,64,80
160,0.179923933,0.956762749,0.153970284,0.953377736,8,16,64,160
160,0.214865629,0.947893567,0.162903916,0.953377736,128,128,256,160
80,0.176938219,0.95232816,0.154505937,0.952901998,128,8,64,80
160,0.216759976,0.942350336,0.180109033,0.952901998,128,64,256,160
320,0.212682367,0.939024379,0.17473726,0.952901997,16,512,512,320
80,0.182313171,0.956762749,0.159636301,0.952426261,512,8,128,80
40,0.22706399,0.960088692,0.178667198,0.951950524,512,256,64,40
40,0.227372222,0.957871397,0.16023518,0.951950523,512,512,64,40
160,0.255436183,0.945676276,0.179799796,0.950523312,512,512,512,160
80,0.211561837,0.944567627,0.183779574,0.950047573,64,512,128,80
80,0.284313051,0.935698444,0.196973713,0.949571836,512,512,256,80
160,0.226519778,0.937915746,0.197656575,0.949096099,256,8,256,160
160,0.20158795,0.942350333,0.186720387,0.949096098,32,16,128,160
80,0.243454723,0.936807095,0.183281001,0.948144625,128,256,128,80
320,0.226789738,0.945676276,0.194826688,0.947668887,64,64,512,320
40,0.263928906,0.94345898,0.20207644,0.94719315,512,128,64,40
320,0.203381824,0.950110868,0.184448612,0.947193149,16,64,256,320
320,0.210328847,0.929046559,0.180660474,0.945765938,16,32,256,320
160,0.239682121,0.941241687,0.194810482,0.9452902,512,128,512,160
80,0.215293121,0.941241685,0.175016973,0.944814462,64,32,64,80
320,0.198992235,0.942350328,0.165937023,0.944338725,8,256,256,320
80,0.217642715,0.950110865,0.181406406,0.943862988,32,128,64,80
160,0.285543119,0.939024379,0.195880933,0.94338725,512,256,512,160
160,0.227891953,0.936807091,0.189322019,0.94338725,32,512,256,160
80,0.220650043,0.945676275,0.191927451,0.942911513,256,32,128,80
80,0.297239097,0.944567627,0.211984485,0.942911513,256,64,128,80
40,0.233398598,0.941241685,0.197492016,0.942435776,256,512,64,40
320,0.219864536,0.943458976,0.198585277,0.941484301,8,16,256,320
160,0.2483332,0.944567629,0.216669875,0.940057088,512,64,512,160
160,0.223847265,0.941241685,0.203577721,0.938629877,64,8,128,160
80,0.228320146,0.93902439,0.192454903,0.938629876,64,16,64,80
320,0.223203359,0.941241686,0.213423082,0.93625119,128,32,512,320
320,0.254744217,0.927937918,0.210717065,0.936251189,32,128,512,320
40,0.282349052,0.925720621,0.210218254,0.934823978,256,256,64,40
80,0.243190838,0.937915743,0.224247891,0.934823976,64,256,128,80
320,0.231570447,0.930155213,0.210072816,0.934348239,8,256,512,320
80,0.191851044,0.94345898,0.179370652,0.933872502,8,512,64,80
160,0.233616938,0.930155214,0.207301306,0.933872502,64,64,256,160
320,0.240111026,0.935698449,0.209846876,0.933396766,64,16,512,320
160,0.271098886,0.931263847,0.210744556,0.933396766,256,512,512,160
160,0.232923497,0.929046563,0.204064786,0.932445291,32,8,128,160
320,0.235205938,0.93126386,0.207554657,0.93244529,32,256,512,320
160,0.23565963,0.926829257,0.207266096,0.931018078,512,32,512,160
320,0.233731975,0.933481151,0.210575887,0.93054234,32,16,256,320
160,0.247991617,0.915742791,0.22584958,0.929115129,128,16,256,160
320,0.242044277,0.925720623,0.215298142,0.929115129,64,8,512,320
80,0.239227439,0.926829268,0.211749992,0.928639392,256,8,128,80
40,0.238634629,0.936807095,0.213413218,0.928639392,512,64,64,40
80,0.258746484,0.935698448,0.211922961,0.928639391,32,64,64,80
80,0.229326018,0.923503326,0.213654703,0.928639391,16,32,64,80
160,0.262263101,0.93126386,0.220608548,0.928163654,256,256,512,160
80,0.251576725,0.929046563,0.223080952,0.926736442,64,8,64,80
320,0.245182346,0.927937912,0.223511144,0.926736442,32,8,256,320
160,0.247985662,0.935698446,0.220227634,0.926736441,128,32,256,160
40,0.244405079,0.917960089,0.223376348,0.926260704,512,8,64,40
160,0.244393759,0.930155208,0.213697444,0.924833491,128,8,256,160
80,0.266298616,0.915742794,0.233230494,0.924833491,128,32,128,80
160,0.251527419,0.920177384,0.226356972,0.924357755,16,64,128,160
80,0.24927732,0.920177384,0.215374748,0.923882016,8,256,64,80
80,0.248143419,0.932372506,0.212327646,0.92340628,256,16,128,80
160,0.240268271,0.917960089,0.229753328,0.92340628,8,32,128,160
80,0.243039576,0.925720618,0.226940438,0.92340628,512,256,256,80
160,0.234667146,0.917960089,0.225278339,0.92340628,8,128,128,160
40,0.226453066,0.923503326,0.227031365,0.922454805,128,512,64,40
80,0.258158798,0.926829268,0.244262889,0.92150333,128,128,128,80
80,0.235690175,0.931263858,0.21645022,0.921027593,16,256,64,80
160,0.25782924,0.922394675,0.233610214,0.921027593,64,128,256,160
320,0.274230445,0.907982264,0.231941544,0.920551856,32,32,512,320
80,0.250395665,0.930155211,0.235042779,0.920551855,128,64,128,80
40,0.239456772,0.937915743,0.220599437,0.920076119,512,32,64,40
160,0.243272425,0.925720621,0.226866925,0.920076118,16,8,128,160
320,0.251168581,0.916851439,0.227530178,0.91960038,8,64,256,320
40,0.30089909,0.929046563,0.261853868,0.919124643,256,128,64,40
160,0.249050677,0.912416851,0.227912525,0.918648906,8,64,128,160
80,0.268960085,0.926829268,0.21887077,0.917221694,32,16,64,80
80,0.292710376,0.920177387,0.248536574,0.917221694,256,512,256,80
160,0.27047724,0.911308206,0.247716799,0.916270219,512,16,512,160
320,0.26467146,0.909090911,0.237173166,0.916270219,16,128,512,320
80,0.26294242,0.919068733,0.235839669,0.916270219,512,128,256,80
160,0.277561457,0.909090909,0.231619368,0.915794481,32,256,256,160
320,0.275379163,0.901330366,0.241684915,0.914843007,16,256,512,320
80,0.278261521,0.920177384,0.253125743,0.913891532,32,256,128,80
40,0.266701872,0.923503326,0.237489675,0.912940057,256,32,64,40
320,0.288944759,0.905764969,0.248453623,0.911037107,64,32,512,320
160,0.341680705,0.907982264,0.279124817,0.910561369,256,128,512,160
80,0.241919176,0.924611973,0.235694802,0.909134158,8,128,64,80
160,0.282322164,0.889135254,0.260803287,0.908182684,8,512,256,160
160,0.267563764,0.905764967,0.241078201,0.907706946,16,32,128,160
40,0.341914704,0.899113082,0.270828946,0.905328259,128,256,64,40
40,0.262055584,0.914634146,0.240984897,0.904852521,512,16,64,40
40,0.304853771,0.905764967,0.269172493,0.903425309,128,128,64,40
160,0.300481087,0.88580931,0.271446297,0.902949572,64,16,256,160
80,0.312897402,0.905764963,0.271051532,0.902473835,512,16,256,80
40,0.309445601,0.906873614,0.259687145,0.901998097,512,512,128,40
160,0.297409748,0.904656309,0.277121987,0.901998097,256,32,512,160
160,0.289188794,0.894678495,0.262920649,0.901998097,128,256,512,160
40,0.329831329,0.896895787,0.278993468,0.900570885,64,512,64,40
160,0.307562602,0.889135255,0.273711381,0.900570884,64,32,256,160
80,0.312640098,0.895787138,0.295214209,0.900095147,512,64,256,80
80,0.281436588,0.89135255,0.260691194,0.899143673,16,64,64,80
80,0.350962641,0.892461198,0.289825123,0.898667935,256,256,256,80
40,0.352461825,0.898004435,0.292481254,0.897716461,256,64,64,40
160,0.279041611,0.890243902,0.262436492,0.896764986,8,16,128,160
80,0.299770123,0.892461197,0.274641895,0.896764986,16,128,64,80
80,0.311476228,0.899113082,0.268564895,0.896764986,32,512,128,80
40,0.287743774,0.913525499,0.281213745,0.896289249,512,256,128,40
160,0.317418385,0.898004434,0.285697397,0.896289249,32,128,256,160
160,0.292138654,0.895787129,0.27585222,0.895337774,256,64,512,160
80,0.281901364,0.903547672,0.281609972,0.894386299,64,128,128,80
80,0.310713281,0.900221729,0.282643273,0.894386298,8,64,64,80
160,0.314444954,0.885809303,0.284258889,0.893434825,128,512,512,160
160,0.313089369,0.890243903,0.288934038,0.892007612,32,16,256,160
80,0.29994279,0.888026608,0.279476562,0.892007611,32,32,64,80
80,0.292722932,0.888026608,0.276497842,0.891531875,128,8,128,80
40,0.299335623,0.893569845,0.27891516,0.891056137,256,8,64,40
80,0.338360831,0.885809314,0.295500044,0.889628926,256,128,256,80
160,0.301409439,0.888026608,0.278015521,0.889628925,16,16,128,160
160,0.318736467,0.883592021,0.298965969,0.889628924,512,8,512,160
40,0.271402392,0.896895787,0.274966599,0.88867745,256,16,64,40
160,0.334020438,0.885809316,0.296970523,0.887250238,128,128,512,160
80,0.307613041,0.876940133,0.295893727,0.8867745,128,16,128,80
80,0.325184988,0.88691796,0.288834884,0.8867745,16,512,128,80
80,0.335803411,0.878048782,0.298370055,0.885823026,512,32,256,80
40,0.311394682,0.875831486,0.298622704,0.885347289,512,64,128,40
80,0.319601737,0.874722838,0.294304378,0.88487155,64,32,128,80
80,0.31567331,0.879157428,0.290121646,0.883920077,64,64,128,80
320,0.323643727,0.883592021,0.29803549,0.883444339,16,64,512,320
80,0.297983661,0.87804878,0.280963471,0.883444339,8,512,128,80
160,0.33736903,0.872505546,0.299541413,0.882968602,64,512,512,160
160,0.354095448,0.864745014,0.309623212,0.882968601,128,64,512,160
160,0.314876028,0.878048783,0.286947646,0.882492863,16,512,256,160
40,0.343511066,0.888026607,0.31138786,0.882017126,128,64,64,40
160,0.320273215,0.885809311,0.293182832,0.87963844,16,64,256,160
80,0.324436867,0.872505543,0.314857214,0.878686965,32,8,64,80
40,0.340776118,0.893569845,0.320473385,0.878211228,512,128,128,40
160,0.354369331,0.845898008,0.305797357,0.878211228,32,64,256,160
40,0.40389816,0.879157428,0.340797519,0.878211227,256,512,128,40
160,0.320349316,0.864745013,0.300129018,0.87773549,64,8,256,160
40,0.336941606,0.888026608,0.311309829,0.87773549,64,128,64,40
80,0.411122964,0.87472284,0.335183547,0.876784016,128,512,256,80
80,0.34141397,0.889135255,0.297510993,0.876784015,64,512,256,80
80,0.348345044,0.868070954,0.329356191,0.876784015,256,64,256,80
320,0.342899886,0.85365854,0.316533982,0.876308277,32,16,512,320
40,0.343375067,0.871396896,0.310949496,0.875832541,64,32,64,40
80,0.328202076,0.866962306,0.307194825,0.875356803,8,32,64,80
160,0.343605445,0.861419071,0.322599061,0.874881066,16,128,256,160
40,0.351002259,0.863636364,0.305382999,0.874881065,16,512,64,40
320,0.338352466,0.856984483,0.309348342,0.874405328,8,512,512,320
320,0.335972996,0.859201777,0.311900331,0.872026641,32,64,512,320
160,0.331962836,0.85698448,0.317199772,0.871550905,8,256,256,160
80,0.345873398,0.858093128,0.320976965,0.87059943,128,256,256,80
40,0.337226285,0.888026608,0.323261662,0.870599429,128,16,64,40
80,0.332328665,0.852549892,0.320251343,0.869172216,512,8,256,80
160,0.358504193,0.848115303,0.320075234,0.868220743,16,256,256,160
40,0.375073661,0.865853659,0.341512556,0.867745004,64,256,64,40
80,0.3553079,0.866962306,0.327625935,0.867269268,64,16,128,80
80,0.369556844,0.838137476,0.332258423,0.867269268,256,32,256,80
80,0.352328694,0.855875831,0.327688218,0.867269267,32,128,128,80
80,0.341134697,0.862527716,0.326442327,0.86679353,16,256,128,80
160,0.365956983,0.851441246,0.334269714,0.866317793,32,32,256,160
160,0.350007475,0.865853649,0.332637184,0.865842056,128,32,512,160
160,0.343774817,0.859201774,0.325695311,0.865366317,8,8,128,160
40,0.356132179,0.859201774,0.33588869,0.865366317,256,256,128,40
40,0.411339248,0.874722838,0.361475992,0.86489058,256,128,128,40
40,0.369063703,0.864745011,0.356300981,0.863463368,128,32,64,40
160,0.365230862,0.847006655,0.338487462,0.862036156,256,8,512,160
160,0.375575108,0.835920168,0.343478725,0.860608945,32,512,512,160
80,0.356718159,0.853658537,0.335734021,0.860608945,32,32,128,80
20,0.391305407,0.868070953,0.359943414,0.860608944,512,512,64,20
40,0.350988287,0.856984479,0.344768255,0.860133207,512,32,128,40
160,0.379692484,0.830376944,0.344613032,0.860133207,16,128,512,160
40,0.362469255,0.852549889,0.338991419,0.860133207,32,256,64,40
160,0.392541995,0.842572053,0.353086544,0.859181732,64,128,512,160
160,0.383598143,0.842572053,0.351996076,0.858705995,128,8,512,160
40,0.356008849,0.858093126,0.34104473,0.858705994,128,8,64,40
80,0.383113777,0.838137469,0.342421353,0.858705994,128,128,256,80
320,0.372256548,0.839246111,0.350298944,0.857278782,16,32,512,320
160,0.3619264,0.848115303,0.342452328,0.857278782,32,8,256,160
80,0.369354921,0.840354765,0.341862844,0.857278782,256,16,256,80
320,0.345266137,0.850332598,0.332733434,0.856803044,8,32,256,320
20,0.392008002,0.854767184,0.37698003,0.856327308,512,64,64,20
40,0.38240569,0.849223947,0.358738921,0.856327307,256,64,128,40
160,0.376808314,0.845897995,0.353580195,0.85585157,256,16,512,160
80,0.444268747,0.840354771,0.378451201,0.855375833,512,256,512,80
160,0.381802364,0.847006656,0.358002479,0.854424358,64,256,512,160
40,0.353382355,0.852549889,0.357445873,0.853948621,512,16,128,40
80,0.374240304,0.850332594,0.344089623,0.85394862,16,8,64,80
80,0.394980477,0.828159645,0.353860376,0.85394862,16,128,128,80
80,0.401816972,0.8436807,0.371056008,0.852997146,512,128,512,80
80,0.373236073,0.835920169,0.348072697,0.852997146,512,64,512,80
160,0.410977548,0.811529925,0.381878227,0.851569933,64,8,512,160
160,0.407288222,0.834811521,0.387499633,0.851094197,128,16,512,160
320,0.378952552,0.831485592,0.358609456,0.850618459,32,8,512,320
80,0.399026152,0.82594235,0.349222104,0.850618459,8,256,128,80
160,0.367070835,0.852549892,0.352924132,0.850618459,8,64,256,160
160,0.389158907,0.834811534,0.36904162,0.850618458,16,512,512,160
40,0.379557075,0.852549889,0.366688493,0.850142722,512,8,128,40
40,0.429279665,0.84368071,0.386539828,0.849666985,128,512,128,40
80,0.406451931,0.831485588,0.373288646,0.849666983,64,8,128,80
20,0.391812503,0.841463415,0.405376744,0.849191246,512,128,64,20
160,0.373425355,0.842572066,0.3503772,0.84871551,16,32,256,160
40,0.416493946,0.828159645,0.369769417,0.848715509,16,256,64,40
80,0.398749321,0.838137469,0.368957727,0.848715509,64,256,256,80
40,0.427161865,0.83481153,0.37003902,0.848239772,64,16,64,40
160,0.391153605,0.832594239,0.360750655,0.848239772,64,64,512,160
20,0.428930354,0.860310421,0.399122463,0.847764035,512,256,64,20
160,0.369564965,0.837028822,0.355544026,0.847764035,8,128,256,160
80,0.417836438,0.844789357,0.372894729,0.847764034,32,64,128,80
40,0.413077345,0.859201774,0.364120379,0.847288297,32,512,64,40
80,0.393035342,0.837028829,0.357275835,0.847288296,512,512,512,80
320,0.382932991,0.840354771,0.356336295,0.84681256,8,128,512,320
320,0.397834181,0.822616412,0.367304103,0.846336823,16,16,512,320
40,0.404062533,0.842572062,0.372463461,0.844433873,32,128,64,40
160,0.430356522,0.814855868,0.393519133,0.843958135,64,32,512,160
80,0.431488197,0.818181815,0.399725228,0.843006661,128,16,256,80
20,0.392225902,0.828159645,0.379933165,0.842530923,512,32,64,20
40,0.459337504,0.829268293,0.389761032,0.842530923,64,64,64,40
80,0.429986489,0.810421291,0.408806129,0.842530923,256,512,512,80
80,0.42942478,0.82815965,0.392913658,0.842055186,512,16,512,80
40,0.401314689,0.847006652,0.380437675,0.842055186,64,8,64,40
40,0.408541605,0.827050998,0.376574223,0.842055185,256,16,128,40
40,0.396827083,0.83924612,0.3839845,0.841579449,256,32,128,40
20,0.474520379,0.82594235,0.417473908,0.841579448,256,512,64,20
80,0.404766366,0.832594232,0.381708218,0.84110371,128,32,256,80
80,0.405072334,0.823725051,0.382344462,0.840627974,128,64,256,80
160,0.412487868,0.81485588,0.388823872,0.840152237,32,64,512,160
80,0.40565379,0.828159645,0.383062708,0.840152235,16,16,64,80
80,0.404361867,0.824833703,0.379425374,0.839676499,8,128,128,80
40,0.436230387,0.853658536,0.386385461,0.839200762,128,256,128,40
80,0.408366082,0.832594235,0.381385974,0.839200761,16,64,128,80
20,0.386513405,0.818181818,0.379547197,0.838725024,512,8,64,20
20,0.420476468,0.83924612,0.389519109,0.838725023,512,16,64,20
160,0.418697994,0.818181823,0.37842166,0.837773549,32,256,512,160
40,0.461888999,0.818181815,0.432281994,0.836822075,512,16,256,40
320,0.416060335,0.803769397,0.398486086,0.836346337,16,8,256,320
40,0.507561882,0.812638581,0.414992796,0.834443387,512,512,256,40
40,0.432028927,0.811529931,0.40922593,0.83396765,512,64,256,40
320,0.420745182,0.819290461,0.398951396,0.83396765,8,8,256,320
320,0.411690734,0.815964515,0.393578442,0.832540438,16,8,512,320
40,0.411890816,0.820399113,0.395877577,0.832540438,16,128,64,40
80,0.41584178,0.793791572,0.392765931,0.8320647,256,8,256,80
40,0.444351579,0.820399113,0.421739817,0.831113226,128,128,128,40
320,0.418658376,0.807095349,0.402459685,0.829686014,8,16,512,320
20,0.447963245,0.849223947,0.436937894,0.829686013,256,256,64,20
160,0.43785214,0.811529926,0.406998036,0.829210277,64,16,512,160
40,0.445453658,0.813747225,0.411610063,0.828258801,512,32,256,40
40,0.492079453,0.815964526,0.439334533,0.827783064,512,256,256,40
40,0.446855635,0.822616408,0.413374166,0.827307327,128,64,128,40
40,0.418206894,0.817073171,0.401633738,0.826831588,8,128,64,40
80,0.444585325,0.809312636,0.42237479,0.826355852,64,64,256,80
40,0.424486219,0.813747228,0.397652592,0.826355852,8,512,64,40
80,0.481844229,0.819290457,0.439834218,0.825880115,256,256,512,80
20,0.45445935,0.83037694,0.429542971,0.825880114,256,32,64,20
40,0.442830774,0.794900222,0.426062307,0.825404378,32,512,128,40
20,0.480778417,0.831485587,0.446474373,0.825404377,256,128,64,20
160,0.455052659,0.802660746,0.423172631,0.825404377,32,128,512,160
40,0.420639394,0.822616408,0.407127704,0.825404377,32,64,64,40
80,0.436766226,0.803769401,0.412256295,0.824928639,32,16,128,80
20,0.484397587,0.7827051,0.439115905,0.824928639,128,512,64,20
80,0.450556961,0.807095336,0.423872836,0.823977165,512,32,512,80
80,0.454516242,0.809312634,0.420417172,0.823977164,32,256,256,80
80,0.432818835,0.814855871,0.410430273,0.823501428,32,512,256,80
40,0.442310918,0.820399113,0.422114783,0.822549953,64,512,128,40
40,0.477506646,0.799334811,0.4393699,0.822074215,128,16,128,40
40,0.445597874,0.8037694,0.425112515,0.821122741,512,128,256,40
40,0.46209363,0.787139689,0.431613691,0.820647003,256,8,128,40
40,0.426900041,0.817073171,0.414136711,0.820647003,8,256,64,40
160,0.461465188,0.790465634,0.429657393,0.820647003,16,16,256,160
80,0.463480748,0.804878046,0.431154235,0.819219791,64,16,256,80
40,0.494160533,0.805986696,0.458418334,0.818268317,64,256,128,40
80,0.500276277,0.809312631,0.439387792,0.817792579,128,512,512,80
40,0.443013837,0.809312639,0.420865726,0.817316842,16,64,64,40
160,0.453775663,0.789356985,0.42435909,0.816841104,8,32,256,160
160,0.454696613,0.791574278,0.432648607,0.816841103,16,8,256,160
40,0.462801286,0.784922395,0.426230121,0.816841103,16,16,64,40
160,0.450937079,0.787139687,0.425080406,0.816365366,8,16,256,160
80,0.491478333,0.796008866,0.441754789,0.815413892,64,128,256,80
20,0.511131627,0.819290465,0.44193215,0.815413892,128,128,64,20
80,0.438465767,0.810421286,0.419584671,0.815413891,8,8,64,80
20,0.489508645,0.800443459,0.453214851,0.815413891,64,512,64,20
40,0.449061077,0.803769401,0.430045821,0.814938155,128,8,128,40
20,0.452672489,0.831485588,0.452408619,0.814938155,256,16,64,20
320,0.451093551,0.800443451,0.433669767,0.814462417,8,32,512,320
80,0.465004867,0.808203996,0.447683327,0.814462416,256,64,512,80
20,0.473628027,0.797117516,0.443024711,0.81398668,256,8,64,20
80,0.460451885,0.790465632,0.434541715,0.81398668,64,32,256,80
40,0.466703595,0.804878049,0.451677193,0.813035204,128,32,128,40
80,0.468983386,0.804878054,0.448352474,0.811607993,512,8,512,80
80,0.461054811,0.790465631,0.43247529,0.811607992,128,8,256,80
20,0.517402893,0.809312638,0.464995518,0.811132255,128,256,64,20
160,0.478498664,0.77494456,0.442229732,0.811132255,8,128,512,160
80,0.494044695,0.787139682,0.459888132,0.811132254,256,128,512,80
40,0.481462744,0.798226164,0.437660302,0.809705044,32,32,64,40
40,0.459498129,0.791574279,0.446225249,0.80827783,16,32,64,40
40,0.447945759,0.792682927,0.429857288,0.807802094,32,16,64,40
320,0.479792497,0.778270503,0.450001097,0.807802093,8,64,512,320
80,0.48354748,0.766075388,0.447155919,0.806374881,16,8,128,80
160,0.482463037,0.789356977,0.447266874,0.805899144,8,256,512,160
80,0.480302524,0.770509978,0.445035284,0.805423406,32,8,128,80
80,0.484184669,0.777161855,0.451784795,0.803996194,256,16,512,80
40,0.528985007,0.769401332,0.483719589,0.803044719,128,256,256,40
80,0.487121726,0.762749449,0.455763157,0.802568982,16,128,256,80
80,0.513254204,0.784922401,0.479239029,0.802093245,128,128,512,80
160,0.499465017,0.757206202,0.468243444,0.801617508,32,16,512,160
20,0.528721034,0.799334811,0.466114806,0.801617507,512,128,128,20
40,0.480318575,0.789356984,0.467030662,0.801141769,64,64,128,40
40,0.509698171,0.796008865,0.472787168,0.800666033,256,512,256,40
20,0.534343762,0.787139689,0.478223895,0.800666033,512,512,128,20
40,0.499404484,0.779379157,0.466343078,0.800666032,64,32,128,40
80,0.477807358,0.780487804,0.450739255,0.800190295,32,128,256,80
40,0.509061091,0.784922396,0.478545264,0.799714558,256,16,256,40
80,0.495057768,0.778270511,0.461375785,0.799714557,64,8,256,80
80,0.480454924,0.780487798,0.449971227,0.79923882,128,256,512,80
40,0.534660008,0.778270507,0.48867363,0.79923882,256,256,256,40
20,0.531779,0.815964523,0.480311165,0.798287345,256,64,64,20
20,0.482743646,0.797117517,0.453254941,0.797811609,512,16,128,20
20,0.556194682,0.792682927,0.487620316,0.797811608,64,128,64,20
80,0.470000382,0.792682922,0.44728292,0.79733587,32,32,256,80
20,0.504797658,0.798226164,0.461812409,0.796860134,128,16,64,20
40,0.517842609,0.761640802,0.479133583,0.795908659,128,512,256,40
160,0.501457547,0.757206202,0.46431699,0.794957183,16,256,512,160
80,0.479935481,0.768292687,0.461998867,0.794481446,32,64,256,80
80,0.48000525,0.7827051,0.459711617,0.793054234,8,16,64,80
80,0.521389333,0.75942351,0.485300216,0.79210276,64,256,512,80
20,0.487864376,0.77827051,0.466247475,0.792102759,512,64,128,20
40,0.477065902,0.766075388,0.450354926,0.792102759,32,8,64,40
40,0.48950883,0.768292683,0.455472135,0.791627022,16,8,64,40
160,0.505904151,0.777161869,0.46859711,0.791627021,8,512,512,160
40,0.560707051,0.786031042,0.50087054,0.791151285,32,256,128,40
80,0.49718072,0.77383592,0.45987938,0.79019981,16,32,128,80
40,0.527004555,0.76274945,0.494089205,0.790199809,256,128,256,40
20,0.501401302,0.77827051,0.476735663,0.789724072,64,8,64,20
20,0.50353491,0.770509978,0.463543839,0.788772598,512,32,128,20
80,0.499205149,0.754988917,0.467195746,0.788772597,16,256,256,80
40,0.499295095,0.754988917,0.469449014,0.788772597,256,32,256,40
80,0.525807746,0.757206215,0.487862982,0.787821123,256,32,512,80
80,0.501887167,0.763858092,0.462253986,0.787345385,16,512,256,80
80,0.507286434,0.756097567,0.475270188,0.786869648,128,16,512,80
20,0.556732106,0.771618625,0.478124164,0.786393911,128,64,64,20
20,0.538285898,0.762749446,0.494267837,0.784966699,128,32,64,20
80,0.58161094,0.751662978,0.554157125,0.782588012,64,512,512,80
160,0.503205705,0.749445683,0.470891332,0.782112274,32,8,512,160
20,0.548636456,0.758314856,0.508842667,0.780685062,256,512,128,20
80,0.503430696,0.739467849,0.477531104,0.77925785,16,16,128,80
80,0.527996366,0.767184029,0.480873014,0.778782113,128,64,512,80
40,0.553372781,0.77716186,0.503763197,0.778782113,256,64,256,40
80,0.487510586,0.757206208,0.460245082,0.778782112,8,32,128,80
80,0.510891826,0.746119734,0.48042803,0.777354901,8,64,128,80
20,0.597063961,0.783813747,0.529608622,0.776403425,256,256,128,20
20,0.502358963,0.797117516,0.520345356,0.773549,512,256,128,20
20,0.529649444,0.742793791,0.492074153,0.772121788,64,256,64,20
40,0.526917195,0.750554324,0.491628912,0.77021884,8,512,128,40
40,0.537830166,0.743902433,0.527256916,0.769743102,512,64,512,40
80,0.547706103,0.740576504,0.507047096,0.769743102,32,512,512,80
80,0.557377118,0.723946779,0.517013184,0.769267365,128,32,512,80
20,0.592224214,0.745011086,0.522409445,0.76831589,64,64,64,20
40,0.514862842,0.750554324,0.481798192,0.767840152,64,16,128,40
20,0.543733745,0.747228381,0.50393707,0.767364415,64,32,64,20
80,0.528607486,0.731707314,0.49269609,0.767364415,8,256,256,80
320,0.512218324,0.733924619,0.48848906,0.76641294,8,8,512,320
40,0.513812808,0.733924612,0.497428378,0.765461466,16,128,128,40
10,0.595183657,0.779379157,0.565261599,0.765461466,512,256,64,10
40,0.59572486,0.756097567,0.549570184,0.76450999,512,128,512,40
20,0.546875754,0.739467849,0.508996046,0.763558515,64,16,64,20
10,0.582100015,0.748337029,0.541526594,0.762607041,512,64,64,10
40,0.554476869,0.759423503,0.509885851,0.761655567,64,128,128,40
20,0.572848863,0.750554324,0.524275895,0.759276879,256,16,128,20
40,0.535140094,0.760532151,0.494046893,0.758801142,16,512,128,40
40,0.536954597,0.747228378,0.497516502,0.757373929,128,16,256,40
20,0.531425735,0.754988913,0.500361226,0.757373929,256,8,128,20
40,0.546060945,0.737250557,0.513957097,0.756898192,128,128,256,40
40,0.600478622,0.75942351,0.556726948,0.756898192,512,512,512,40
40,0.54232193,0.728381375,0.505665768,0.756422454,32,64,128,40
40,0.544760874,0.749445672,0.505877381,0.75547098,128,8,256,40
40,0.568932617,0.713968952,0.541693837,0.75356803,512,16,512,40
40,0.559958291,0.732815966,0.521474262,0.753092293,64,256,256,40
20,0.598608668,0.740576497,0.557554484,0.752616556,128,512,128,20
40,0.528757378,0.743902439,0.515126888,0.751665081,8,64,128,40
160,0.546552411,0.71064301,0.513269027,0.751189344,32,32,512,160
80,0.558610011,0.713968966,0.521407025,0.751189343,64,32,512,80
40,0.567660202,0.72283814,0.520611755,0.750713606,32,512,256,40
160,0.571036523,0.715077613,0.536831078,0.750237869,16,64,512,160
10,0.547556029,0.732815964,0.518243789,0.748810657,512,8,64,10
40,0.54112711,0.719512195,0.509477656,0.748810656,32,32,128,40
20,0.59018462,0.7172949,0.545846952,0.748334919,32,512,64,20
80,0.546878384,0.72062085,0.512972978,0.747859182,128,8,512,80
80,0.546195298,0.712860315,0.509918971,0.747859182,32,8,256,80
20,0.587088603,0.72172949,0.547976525,0.747859181,32,128,64,20
20,0.574208825,0.72616408,0.555135592,0.746907707,256,128,128,20
80,0.544334692,0.736141906,0.505361017,0.746907707,8,512,256,80
40,0.599230225,0.741685138,0.55542779,0.746907707,512,32,512,40
10,0.579104054,0.746119734,0.570663619,0.74643197,512,128,64,10
20,0.577617263,0.719512195,0.528141634,0.74643197,256,32,128,20
40,0.541175423,0.7172949,0.509974877,0.746431969,32,16,128,40
10,0.575430285,0.7172949,0.569045589,0.745956232,256,64,64,10
40,0.553365706,0.731707315,0.517944717,0.745956232,128,64,256,40
20,0.582336095,0.719512195,0.533434442,0.745004757,256,64,128,20
40,0.578337194,0.710643023,0.540199972,0.74452902,256,128,512,40
20,0.551321697,0.758314856,0.523541739,0.74452902,32,32,64,20
40,0.546450479,0.72616408,0.519746094,0.74452902,32,128,128,40
40,0.565839847,0.713968966,0.529626315,0.744053283,512,256,512,40
20,0.546625927,0.736141907,0.5297476,0.743101807,128,8,128,20
80,0.551317012,0.70620843,0.515682026,0.742150334,16,64,256,80
10,0.633297207,0.770509978,0.593067776,0.741674596,512,512,64,10
10,0.551718209,0.710643015,0.524247971,0.74072312,512,32,64,10
20,0.571547363,0.730598669,0.535898648,0.740247383,32,256,64,20
20,0.59478114,0.741685144,0.542942456,0.739771646,128,128,128,20
80,0.56321506,0.718403542,0.525758252,0.739771646,64,128,512,80
40,0.611108877,0.702882491,0.563954819,0.739295909,256,512,512,40
40,0.612241259,0.711751671,0.554211783,0.739295909,256,256,512,40
40,0.537639068,0.707317073,0.513745112,0.739295909,8,16,64,40
40,0.576283192,0.70620842,0.539001669,0.739295908,256,16,512,40
10,0.669142962,0.718403548,0.6112657,0.738820171,256,256,64,10
40,0.558307138,0.717294904,0.516608736,0.738344434,64,32,256,40
40,0.578268246,0.733924613,0.55942441,0.738344433,128,32,256,40
10,0.622529221,0.743902439,0.572507104,0.737868696,512,32,128,10
80,0.575253516,0.719512202,0.536748923,0.737868696,32,256,512,80
40,0.554363733,0.711751663,0.520807453,0.736917221,16,64,128,40
40,0.565216309,0.708425717,0.528873868,0.736441484,64,16,256,40
80,0.564391761,0.708425725,0.52730508,0.735965747,32,16,256,80
10,0.597605912,0.737250554,0.567828193,0.735965747,256,512,64,10
20,0.639363867,0.722838141,0.589802284,0.735965747,512,256,256,20
80,0.56018367,0.708425728,0.519985542,0.735965746,64,16,512,80
20,0.600958949,0.70842572,0.57453311,0.73549001,64,256,128,20
10,0.571972601,0.710643015,0.539824329,0.73549001,256,16,64,10
80,0.561781812,0.709534375,0.529032225,0.73549001,32,128,512,80
80,0.568177527,0.707317081,0.527997724,0.735014273,64,64,512,80
20,0.60560004,0.711751663,0.56629216,0.734538535,128,256,128,20
40,0.595264719,0.70288248,0.550363632,0.734538535,64,128,256,40
20,0.567526539,0.713968958,0.536917264,0.734538534,32,8,64,20
10,0.602757998,0.718403548,0.596674406,0.734062797,256,128,64,10
80,0.576743637,0.702882478,0.541782123,0.732159848,16,512,512,80
20,0.585060693,0.703991131,0.545016612,0.73168411,64,32,128,20
20,0.582526965,0.700665193,0.546295872,0.731208373,256,8,256,20
20,0.57754846,0.729490022,0.536139084,0.730732635,32,16,64,20
20,0.5903308,0.699556541,0.562367429,0.730256899,16,256,64,20
40,0.5661868,0.702882487,0.53807179,0.729781162,64,8,256,40
20,0.578078156,0.711751663,0.558862202,0.729781161,128,64,128,20
80,0.582340685,0.702882478,0.54826919,0.72978116,32,32,512,80
40,0.55108968,0.716186257,0.532685594,0.729305424,64,64,256,40
10,0.640580766,0.702882483,0.571275573,0.729305424,128,64,64,10
40,0.611809312,0.701773831,0.566602524,0.728829686,256,32,512,40
20,0.617191667,0.708425717,0.567251745,0.728829686,256,32,256,20
40,0.600701012,0.701773834,0.561926335,0.727878212,64,512,256,40
20,0.613645084,0.715077605,0.564790924,0.727878212,32,64,64,20
20,0.576182515,0.701773836,0.556174275,0.727878212,128,16,128,20
80,0.57499814,0.70177384,0.543609852,0.727878211,16,8,256,80
10,0.610174718,0.709534368,0.578674976,0.727402474,256,32,64,10
40,0.5692784,0.710643015,0.54071187,0.727402474,8,64,64,40
20,0.572174262,0.702882481,0.544541497,0.727402474,256,16,256,20
20,0.621246327,0.70177384,0.559139334,0.727402473,256,512,256,20
40,0.574434501,0.713968952,0.542907003,0.726926736,256,64,512,40
20,0.617107102,0.713968959,0.569400691,0.726451,512,128,256,20
20,0.589960729,0.701773836,0.562335858,0.726450999,16,512,64,20
10,0.627306394,0.710643015,0.595152,0.725975262,512,256,128,10
40,0.561569713,0.70842572,0.534551052,0.725975262,64,8,128,40
20,0.633583773,0.701773831,0.598130531,0.725975262,512,128,512,20
80,0.562959355,0.700665193,0.534264549,0.725975261,16,16,256,80
80,0.590078748,0.700665196,0.552943239,0.725499525,32,16,512,80
20,0.595400171,0.707317068,0.556594688,0.725499525,512,8,512,20
20,0.610358925,0.701773832,0.576826812,0.725499524,64,256,256,20
160,0.57180921,0.707317068,0.537663852,0.725023787,16,32,512,160
80,0.587511434,0.699556549,0.554552837,0.725023787,16,128,512,80
10,0.602144681,0.705099778,0.578602737,0.725023787,512,64,128,10
10,0.66966734,0.700665188,0.667433035,0.724548049,512,512,128,10
20,0.570118453,0.707317077,0.535414694,0.724548049,512,64,256,20
40,0.596224447,0.699556549,0.565558412,0.724548049,128,512,512,40
40,0.596717303,0.699556545,0.561736397,0.724548049,32,8,256,40
20,0.660467455,0.705099786,0.605299428,0.724548049,256,256,512,20
20,0.596078188,0.698447893,0.568909365,0.724072313,16,64,64,20
10,0.581366991,0.701773836,0.555809555,0.724072312,128,8,128,10
160,0.595909813,0.701773844,0.57313457,0.724072312,8,8,512,160
20,0.671491935,0.698447901,0.60732376,0.723596575,512,256,512,20
40,0.544041143,0.706208426,0.526101438,0.723596574,8,8,64,40
40,0.595965935,0.701773839,0.557740071,0.723120838,16,512,256,40
160,0.506629549,0.700665193,0.479101455,0.723120838,8,8,256,160
80,0.578449041,0.700665188,0.549594129,0.723120838,8,8,128,80
80,0.592785969,0.701773836,0.553529818,0.723120838,8,16,128,80
10,0.575444838,0.703991131,0.548300145,0.723120837,512,8,128,10
160,0.599424702,0.699556549,0.567035989,0.723120837,8,32,512,160
20,0.572950741,0.709534368,0.54134608,0.723120837,128,8,64,20
40,0.592375551,0.702882478,0.559334029,0.723120837,128,32,512,40
40,0.582823604,0.699556541,0.559373115,0.722645101,8,32,64,40
40,0.578600077,0.698447901,0.550978488,0.7226451,128,8,512,40
160,0.569070351,0.703991138,0.542582397,0.7226451,16,16,512,160
10,0.633433469,0.700665188,0.589638066,0.7226451,128,32,64,10
10,0.636337452,0.699556541,0.595425076,0.722645099,64,128,64,10
40,0.601252699,0.700665183,0.565919732,0.722645099,128,128,512,40
40,0.583010996,0.699556549,0.550115667,0.722645099,128,16,512,40
80,0.598975259,0.701773831,0.572783587,0.722169363,32,8,512,80
20,0.588763608,0.710643012,0.551597615,0.722169363,256,128,256,20
10,0.592618496,0.703991131,0.56002036,0.722169363,128,8,64,10
20,0.578961746,0.700665186,0.546421616,0.722169363,512,32,256,20
40,0.590555898,0.702882491,0.563906114,0.722169363,64,8,512,40
10,0.663873479,0.699556541,0.595174777,0.722169362,512,128,128,10
20,0.590846294,0.705099778,0.565737219,0.722169362,64,128,128,20
80,0.609409333,0.698447889,0.571045671,0.722169362,16,8,512,80
80,0.602407208,0.700665183,0.566704027,0.722169362,16,256,512,80
80,0.591849267,0.700665196,0.558584992,0.722169362,32,64,512,80
160,0.569867493,0.705099786,0.541460066,0.722169362,16,8,512,160
80,0.602363293,0.698447901,0.57253927,0.721693626,16,64,512,80
20,0.604536897,0.701773836,0.560395422,0.721693626,128,32,128,20
40,0.615682387,0.69844789,0.590918467,0.721693626,8,32,256,40
40,0.598622668,0.698447893,0.579839162,0.721693625,16,8,128,40
40,0.60808796,0.69844789,0.588135391,0.721693625,8,64,256,40
20,0.595366972,0.716186253,0.561931709,0.721693625,64,64,128,20
40,0.596508527,0.69844789,0.56441401,0.721693625,16,64,256,40
40,0.600554076,0.698447901,0.571593771,0.721693625,64,64,512,40
160,0.615978905,0.700665183,0.581279126,0.721693625,8,64,512,160
40,0.589357011,0.69844789,0.549673132,0.721693625,32,256,256,40
10,0.671604705,0.701773839,0.640293822,0.721693625,512,512,256,10
40,0.610382305,0.700665193,0.57854453,0.721217888,8,512,256,40
40,0.598507434,0.69844789,0.560331949,0.721217888,256,8,256,40
20,0.589410326,0.699556541,0.572268273,0.721217888,16,128,64,20
20,0.598531907,0.698447893,0.570106243,0.721217888,64,16,128,20
20,0.616505075,0.702882481,0.577647531,0.721217888,256,256,256,20
10,0.667830704,0.698447893,0.610963219,0.721217888,128,128,64,10
10,0.641658118,0.698447893,0.609654145,0.721217888,256,128,128,10
20,0.587009093,0.699556549,0.564442373,0.721217888,512,16,512,20
40,0.614193145,0.698447901,0.581571616,0.721217888,32,256,512,40
80,0.575967617,0.699556549,0.540438258,0.721217888,64,8,512,80
10,0.6170696,0.696230599,0.588382836,0.721217887,128,16,128,10
40,0.602113723,0.698447901,0.565952342,0.721217887,64,16,512,40
40,0.639689261,0.702882478,0.600319447,0.721217887,128,256,512,40
20,0.576719332,0.70177384,0.5435564,0.721217887,128,8,256,20
40,0.577200154,0.698447893,0.541559085,0.721217887,16,32,128,40
40,0.609637867,0.697339243,0.577111529,0.721217887,16,32,256,40
80,0.606978787,0.698447889,0.575947339,0.720742151,16,16,512,80
20,0.614204754,0.699556536,0.573401702,0.720742151,128,16,512,20
20,0.618163969,0.700665186,0.57767462,0.720742151,128,256,256,20
20,0.583585883,0.699556541,0.554095214,0.720742151,64,8,128,20
40,0.597727067,0.69844789,0.572122047,0.720742151,8,256,256,40
40,0.589255144,0.706208426,0.5584619,0.720742151,16,256,128,40
20,0.654434776,0.699556549,0.59219288,0.720742151,128,256,512,20
20,0.622999184,0.698447893,0.595610642,0.72074215,64,512,128,20
40,0.586326022,0.698447893,0.566068981,0.72074215,8,32,128,40
40,0.630432068,0.698447901,0.599097047,0.72074215,16,64,512,40
40,0.593243645,0.703991126,0.557898746,0.72074215,128,64,512,40
20,0.585520943,0.703991131,0.55537501,0.72074215,32,64,128,20
10,0.619442307,0.706208426,0.58705373,0.72074215,64,32,64,10
10,0.648913061,0.699556541,0.627679625,0.72074215,64,256,64,10
40,0.649850639,0.701773831,0.604968956,0.720266414,32,16,512,40
10,0.64385022,0.698447893,0.594647615,0.720266414,256,32,128,10
40,0.601307526,0.700665193,0.564989804,0.720266414,16,128,256,40
20,0.614733419,0.69844789,0.579333673,0.720266413,32,512,256,20
40,0.612214496,0.698447901,0.58213941,0.720266413,64,128,512,40
20,0.586878636,0.698447893,0.562348709,0.720266413,16,8,64,20
10,0.617888624,0.698447893,0.606181269,0.720266413,128,128,128,10
80,0.593947749,0.702882491,0.569379339,0.720266413,8,256,512,80
40,0.598846414,0.700665187,0.569979219,0.720266413,32,128,256,40
40,0.610255611,0.698447901,0.575642372,0.720266413,64,32,512,40
40,0.619054953,0.698447901,0.57656302,0.720266413,64,512,512,40
40,0.625424879,0.698447901,0.580247359,0.720266413,32,512,512,40
10,0.607403591,0.699556541,0.575747295,0.720266413,256,64,128,10
40,0.594416264,0.701773832,0.564848205,0.720266413,16,256,256,40
40,0.619826815,0.698447901,0.589243457,0.720266413,32,128,512,40
160,0.592621877,0.701773844,0.558747405,0.720266413,8,16,512,160
20,0.607756778,0.698447893,0.574773632,0.720266413,32,16,128,20
20,0.601732756,0.710643017,0.564188706,0.720266413,256,64,256,20
10,0.624642652,0.698447889,0.585421358,0.720266413,512,8,512,10
20,0.594677367,0.698447891,0.571028147,0.720266413,128,64,256,20
80,0.612917486,0.701773844,0.587166838,0.720266413,16,32,512,80
10,0.609064546,0.699556541,0.576913752,0.720266413,64,16,64,10
20,0.612587937,0.699556549,0.580926366,0.720266412,256,32,512,20
40,0.627365261,0.698447901,0.596909693,0.720266412,8,64,512,40
80,0.594012548,0.69844789,0.558030904,0.720266412,8,64,256,80
10,0.593751292,0.699556541,0.570774209,0.720266412,256,16,128,10
10,0.602863919,0.700665188,0.577421235,0.720266412,64,8,64,10
20,0.685528041,0.702882478,0.62873225,0.720266412,512,512,512,20
10,0.619215567,0.69844789,0.58825224,0.719790676,512,64,256,10
10,0.671688115,0.69844789,0.628668877,0.719790676,128,128,256,10
80,0.615063771,0.69844789,0.591315053,0.719790676,8,16,256,80
80,0.602752316,0.699556536,0.570966182,0.719790676,8,512,512,80
20,0.644309006,0.698447889,0.607247339,0.719790676,32,256,512,20
10,0.612933953,0.69844789,0.586482797,0.719790676,256,8,256,10
40,0.579419427,0.701773838,0.55856509,0.719790676,32,32,256,40
20,0.646814666,0.700665183,0.612230991,0.719790676,128,128,512,20
20,0.631544576,0.698447901,0.58175692,0.719790676,256,128,512,20
20,0.607692109,0.698447901,0.583833821,0.719790676,512,64,512,20
20,0.617003354,0.698447891,0.595486591,0.719790676,32,64,256,20
10,0.613389197,0.69844789,0.578104258,0.719790676,256,16,256,10
20,0.620579208,0.69844789,0.591083613,0.719790676,16,512,256,20
40,0.591021018,0.700665196,0.563324309,0.719790676,256,8,512,40
20,0.611678949,0.698447901,0.584636148,0.719790676,64,16,512,20
40,0.600920739,0.701773833,0.566225623,0.719790676,32,64,256,40
40,0.614094309,0.69844789,0.589378236,0.719790676,8,128,256,40
20,0.627337866,0.702882483,0.571756932,0.719790676,32,512,128,20
20,0.618188675,0.698447893,0.594165533,0.719790676,32,32,128,20
20,0.608960787,0.698447893,0.582196541,0.719790675,16,128,128,20
80,0.607710722,0.698447891,0.56747049,0.719790675,8,32,256,80
20,0.620374533,0.69844789,0.590672038,0.719790675,16,64,256,20
40,0.629297495,0.698447889,0.59212254,0.719790675,8,256,512,40
10,0.642374735,0.698447893,0.608684499,0.719790675,8,64,128,10
20,0.645266696,0.695121951,0.60540551,0.719790675,16,8,128,20
20,0.609780969,0.69844789,0.57728208,0.719790675,128,32,256,20
10,0.612181335,0.700665188,0.581007472,0.719790675,32,8,64,10
20,0.628063116,0.698447901,0.591126691,0.719790675,128,32,512,20
20,0.617112471,0.699556541,0.58667179,0.719790675,8,256,128,20
20,0.630871852,0.698447901,0.592516015,0.719790675,128,64,512,20
80,0.576696507,0.700665185,0.552544606,0.719790675,16,32,256,80
20,0.638343436,0.695121959,0.605141131,0.719790675,32,16,512,20
10,0.620702504,0.698447893,0.59721758,0.719790675,8,256,128,10
40,0.629930395,0.699556549,0.592396671,0.719314939,16,512,512,40
20,0.62689064,0.703991138,0.59580239,0.719314939,16,128,512,20
40,0.505009675,0.699556537,0.484679484,0.719314939,512,8,256,40
20,0.608844517,0.703991139,0.575457704,0.719314939,256,16,512,20
40,0.616160874,0.699556549,0.593935146,0.719314939,8,128,512,40
40,0.607272642,0.698447893,0.580821399,0.719314939,8,256,128,40
20,0.620513017,0.69844789,0.588132776,0.719314939,32,256,256,20
20,0.61846294,0.69290466,0.58890898,0.719314939,16,8,256,20
80,0.603525819,0.700665196,0.571497392,0.719314939,8,64,512,80
10,0.688567065,0.69844789,0.645435384,0.719314938,256,256,256,10
40,0.602298753,0.698447893,0.574351991,0.719314938,32,8,128,40
10,0.618459764,0.698447889,0.602105435,0.719314938,128,8,512,10
20,0.645580766,0.699556541,0.635408971,0.719314938,32,8,128,20
20,0.622250229,0.698447901,0.593170157,0.719314938,16,256,512,20
40,0.613227838,0.699556541,0.582108539,0.719314938,16,16,128,40
10,0.642248728,0.698447893,0.615274868,0.719314938,8,8,128,10
20,0.629890369,0.700665185,0.595501697,0.719314938,16,32,256,20
20,0.617195313,0.699556541,0.587273311,0.719314938,32,128,128,20
40,0.630465106,0.698447901,0.605731037,0.719314938,8,16,512,40
20,0.615601136,0.69844789,0.58505146,0.719314938,32,16,256,20
40,0.602996708,0.698447893,0.582886519,0.719314938,8,8,128,40
20,0.621484832,0.69844789,0.596324873,0.719314938,8,64,256,20
20,0.608325714,0.700665188,0.580336442,0.719314938,8,32,64,20
20,0.625109888,0.69844789,0.590717502,0.719314938,32,32,256,20
40,0.624438317,0.700665185,0.595204403,0.719314938,16,8,256,40
20,0.628522051,0.698447901,0.595888495,0.719314938,32,128,512,20
80,0.628578165,0.698447889,0.591785175,0.719314938,8,128,512,80
20,0.60195163,0.70177384,0.581284891,0.719314938,64,8,256,20
20,0.628826954,0.698447901,0.601260892,0.719314938,16,64,512,20
20,0.6245977,0.69844789,0.603631359,0.719314938,8,512,256,20
20,0.64956776,0.699556549,0.617938596,0.719314938,64,512,512,20
20,0.624090489,0.698447901,0.599366356,0.719314938,8,128,512,20
20,0.622196935,0.698447901,0.599496881,0.719314938,64,32,512,20
20,0.640309969,0.698447889,0.608576811,0.719314938,32,512,512,20
20,0.628162117,0.698447889,0.601201101,0.719314937,8,512,512,20
80,0.608050968,0.701773844,0.580346027,0.719314937,8,32,512,80
10,0.630278448,0.698447893,0.600449979,0.719314937,8,512,128,10
10,0.596905856,0.699556541,0.576546318,0.718839201,512,16,128,10
10,0.627770398,0.698447893,0.595352457,0.718839201,16,128,128,10
40,0.619120195,0.699556549,0.592091648,0.718839201,8,512,512,40
20,0.610358287,0.699556541,0.577900187,0.718839201,16,64,128,20
20,0.619150989,0.698447893,0.599947071,0.718839201,8,16,128,20
40,0.624302603,0.698447901,0.587083683,0.718839201,64,256,512,40
40,0.611997009,0.696230596,0.585737259,0.718839201,16,16,256,40
80,0.606942545,0.698447891,0.579930964,0.718839201,8,128,256,80
20,0.617226063,0.698447901,0.584219159,0.718839201,256,8,512,20
20,0.588746573,0.702882483,0.563445723,0.718839201,16,32,64,20
20,0.638678116,0.699556545,0.589752146,0.718839201,64,32,256,20
20,0.629032935,0.69844789,0.595691597,0.718839201,128,128,256,20
80,0.584881709,0.699556537,0.562171157,0.718839201,8,8,256,80
20,0.646803367,0.698447901,0.608149783,0.718839201,64,256,512,20
20,0.584921546,0.69844789,0.56478857,0.718839201,128,16,256,20
80,0.624326593,0.700665183,0.591828797,0.718839201,8,16,512,80
20,0.60863359,0.698447893,0.586750454,0.718839201,8,8,128,20
20,0.604009196,0.698447893,0.577029895,0.718839201,16,32,128,20
40,0.619605533,0.698447889,0.587204049,0.718839201,16,128,512,40
20,0.572827036,0.69844789,0.536572547,0.718839201,512,8,256,20
20,0.604784863,0.698447893,0.581285688,0.718839201,16,16,64,20
20,0.60564554,0.698447893,0.580979708,0.718839201,8,64,64,20
10,0.637072661,0.69844789,0.602532231,0.718839201,8,256,256,10
10,0.637436834,0.698447889,0.62072475,0.718839201,256,32,512,10
20,0.618691003,0.698447889,0.595404758,0.718839201,128,8,512,20
10,0.667045208,0.698447893,0.629442973,0.718839201,128,256,64,10
20,0.611294732,0.703991131,0.578980321,0.718839201,16,256,128,20
10,0.621064649,0.698447891,0.5964845,0.718839201,16,128,256,10
20,0.610035256,0.698447893,0.576292845,0.7188392,8,128,64,20
40,0.611569701,0.703991126,0.588676097,0.7188392,32,64,512,40
10,0.628759861,0.698447893,0.608060285,0.7188392,16,32,128,10
20,0.624606976,0.69844789,0.601213673,0.7188392,512,16,256,20
20,0.663026556,0.698447889,0.629412999,0.7188392,32,8,512,20
40,0.625283894,0.700665196,0.591760126,0.7188392,16,256,512,40
10,0.686049239,0.698447893,0.647950566,0.7188392,64,512,128,10
10,0.591602663,0.699556541,0.565162665,0.7188392,256,8,128,10
20,0.623796262,0.699556536,0.596590022,0.7188392,16,512,512,20
20,0.608769698,0.698447901,0.583500664,0.7188392,512,32,512,20
40,0.586098376,0.701773836,0.563457412,0.7188392,8,128,128,40
10,0.624934067,0.697339243,0.598697935,0.7188392,128,16,256,10
20,0.624782101,0.69844789,0.592557766,0.718363464,16,256,256,20
10,0.628254251,0.700665185,0.593519594,0.718363464,64,32,256,10
10,0.700369386,0.698447889,0.656769412,0.718363464,512,128,512,10
20,0.599617665,0.698447893,0.587005479,0.718363464,8,512,64,20
10,0.634176886,0.698447889,0.606772623,0.718363464,16,256,512,10
20,0.616068145,0.69844789,0.593131747,0.718363464,64,16,256,20
40,0.604706754,0.699556541,0.5754669,0.718363464,8,16,128,40
10,0.642356554,0.699556537,0.607869074,0.718363464,512,128,256,10
40,0.624373551,0.701773844,0.596617804,0.718363464,8,32,512,40
20,0.616525323,0.698447901,0.587998867,0.718363464,256,64,512,20
10,0.617739902,0.697339254,0.59391507,0.718363464,256,8,512,10
10,0.651864702,0.698447893,0.606931571,0.718363464,64,256,128,10
10,0.615472549,0.69844789,0.59485772,0.718363464,512,8,256,10
20,0.616544388,0.700665185,0.58619038,0.718363464,64,64,256,20
20,0.622183046,0.69844789,0.591180821,0.718363464,512,512,256,20
20,0.63407394,0.698447893,0.599857532,0.718363463,16,16,128,20
20,0.627485855,0.699556549,0.593433659,0.718363463,32,64,512,20
20,0.622415211,0.698447893,0.581307189,0.718363463,32,256,128,20
10,0.636584628,0.698447889,0.603581198,0.718363463,32,64,512,10
20,0.628190096,0.698447901,0.601585283,0.718363463,8,256,512,20
10,0.656534114,0.695121951,0.623058124,0.718363463,32,256,128,10
40,0.610357833,0.700665196,0.578316186,0.718363463,32,32,512,40
20,0.637655146,0.698447889,0.60669558,0.718363463,16,32,512,20
10,0.61811018,0.697339246,0.591175036,0.718363463,16,32,64,10
10,0.628269886,0.698447893,0.590576358,0.718363463,64,64,128,10
20,0.628085976,0.699556537,0.597943436,0.718363463,16,128,256,20
20,0.623665677,0.708425725,0.590594376,0.718363463,64,128,256,20
10,0.640769946,0.698447889,0.612754616,0.718363463,16,512,512,10
20,0.631744087,0.698447901,0.607204312,0.718363463,64,128,512,20
10,0.654484008,0.698447889,0.633110228,0.718363463,64,128,512,10
20,0.615796083,0.699556541,0.584321411,0.718363463,8,32,128,20
10,0.638093472,0.698447893,0.596351202,0.718363463,64,16,128,10
40,0.626095105,0.697339243,0.593824784,0.718363463,8,16,256,40
10,0.638246123,0.695121951,0.589552851,0.718363463,32,16,64,10
20,0.621423044,0.699556537,0.592950789,0.717887727,8,128,256,20
80,0.537537426,0.699556536,0.511034592,0.717887727,256,8,512,80
40,0.606844673,0.698447901,0.592544221,0.717887727,512,8,512,40
20,0.522847612,0.698447893,0.497841119,0.717887727,512,8,128,20
10,0.648061118,0.698447889,0.625639653,0.717887727,8,256,512,10
20,0.617035553,0.698447893,0.591359848,0.717887727,8,128,128,20
10,0.733519381,0.69844789,0.715084125,0.717887727,8,8,256,10
10,0.635366948,0.698447901,0.617339171,0.717887727,8,128,512,10
10,0.618925608,0.69844789,0.59755349,0.717887727,8,128,256,10
20,0.61827476,0.699556537,0.590775439,0.717887727,32,8,256,20
10,0.681628096,0.698447889,0.65400772,0.717887727,32,256,512,10
10,0.694802966,0.698447889,0.655406639,0.717887727,128,512,512,10
10,0.679117195,0.698447889,0.636791774,0.717887727,256,256,512,10
10,0.555856061,0.698447893,0.538913762,0.717887727,512,16,64,10
10,0.637648518,0.698447901,0.606051911,0.717887726,8,512,512,10
20,0.629939989,0.698447889,0.605292335,0.717887726,8,64,512,20
10,0.629687177,0.69844789,0.607063091,0.717887726,8,512,256,10
20,0.613895755,0.69844789,0.587305045,0.717887726,32,128,256,20
40,0.629953595,0.705099786,0.602405026,0.717887726,16,32,512,40
10,0.621182817,0.69844789,0.597177127,0.717887726,128,8,256,10
10,0.698814298,0.698447889,0.644175594,0.717887726,256,128,512,10
10,0.612941087,0.69844789,0.591150014,0.717887726,256,32,256,10
10,0.641949502,0.69844789,0.611841701,0.717887726,32,256,256,10
40,0.618613387,0.698447891,0.592112355,0.717887726,8,8,256,40
10,0.764908578,0.698447889,0.750645444,0.717887726,16,16,512,10
10,0.629829276,0.698447901,0.593768606,0.717887726,256,16,512,10
10,0.640787672,0.694013312,0.601446539,0.717887726,64,8,512,10
10,0.674021342,0.698447889,0.641361881,0.717887726,32,128,512,10
10,0.6400898,0.698447893,0.605333152,0.717887726,64,128,128,10
10,0.639103818,0.698447889,0.603305772,0.717887726,128,64,512,10
10,0.665813306,0.698447889,0.62823919,0.717887726,64,256,512,10
20,0.649169148,0.699556537,0.619195809,0.717887726,128,512,256,20
20,0.626823995,0.698447891,0.596772614,0.717887726,8,256,256,20
10,0.639374372,0.69844789,0.584597746,0.717887726,128,32,256,10
10,0.666954828,0.698447889,0.626303883,0.717887726,128,32,512,10
10,0.7437394,0.698447893,0.680304375,0.717887726,256,512,128,10
20,0.642722456,0.698447889,0.613559078,0.717887726,128,512,512,20
10,0.682520355,0.698447889,0.640029996,0.717887726,256,64,512,10
10,0.634414637,0.69844789,0.614303833,0.717887726,32,64,256,10
10,0.646162326,0.697339243,0.611724953,0.717887726,64,64,256,10
10,0.662199974,0.698447901,0.640226488,0.717887726,128,128,512,10
10,0.639120627,0.698447891,0.60296912,0.717887726,256,64,256,10
10,0.583454327,0.700665188,0.554377282,0.717887726,256,8,64,10
10,0.656160035,0.698447889,0.617476481,0.717887726,512,64,512,10
10,0.629047808,0.698447893,0.612529297,0.717887726,16,16,128,10
20,0.61973827,0.698447893,0.599939229,0.717887726,16,512,128,20
20,0.625802408,0.698447891,0.59507838,0.717887726,8,32,256,20
20,0.6209773,0.699556541,0.593447346,0.717887726,8,512,128,20
20,0.625121482,0.698447893,0.594428568,0.717887726,8,16,64,20
20,0.694912512,0.699556536,0.634563679,0.717887726,256,512,512,20
10,0.639740306,0.698447893,0.605786301,0.717887726,8,32,128,10
10,0.696178607,0.698447889,0.643589849,0.717887726,64,512,512,10
10,0.628145598,0.698447893,0.597553913,0.717887725,16,256,128,10
10,0.642169403,0.69844789,0.62429011,0.717887725,256,128,256,10
10,0.632932338,0.698447889,0.614842719,0.717887725,32,512,512,10
20,0.608208835,0.698447893,0.587959228,0.717887725,8,64,128,20
10,0.614025717,0.69844789,0.586009371,0.717887725,512,16,256,10
10,0.641855673,0.698447893,0.591779604,0.717887725,256,256,128,10
10,0.593852281,0.694013304,0.572656371,0.717411989,32,32,64,10
10,0.704592922,0.698447901,0.627814401,0.717411989,512,256,512,10
10,0.638089445,0.694013312,0.611622831,0.717411989,64,32,512,10
10,0.646634517,0.69844789,0.626928137,0.717411989,64,128,256,10
10,0.775140745,0.698447889,0.733652976,0.717411989,32,16,512,10
10,0.637104341,0.699556541,0.613435105,0.717411989,64,32,128,10
10,0.657725108,0.69844789,0.612903734,0.717411989,128,256,256,10
10,0.648096841,0.69844789,0.618083528,0.717411989,16,256,256,10
40,0.645288543,0.698447889,0.60638369,0.717411989,16,8,512,40
10,0.63480145,0.700665188,0.604006767,0.717411989,8,8,64,10
10,0.642930995,0.699556537,0.606605466,0.717411989,16,512,256,10
10,0.645940443,0.695121946,0.617050504,0.717411989,8,32,512,10
10,0.634318285,0.69844789,0.601688131,0.717411988,8,64,256,10
20,0.631886018,0.695121946,0.59499506,0.717411988,64,8,512,20
20,0.623030794,0.698447901,0.591008959,0.717411988,64,64,512,20
10,0.631432984,0.698447893,0.596064962,0.717411988,32,32,128,10
10,0.678587893,0.696230594,0.626952432,0.717411988,32,32,512,10
10,0.652575745,0.699556537,0.615192727,0.717411988,128,64,256,10
10,0.652115981,0.696230607,0.615916989,0.717411988,16,64,512,10
10,0.623612115,0.698447893,0.58410603,0.716936252,64,8,128,10
20,0.622287788,0.698447889,0.594742097,0.716936252,32,32,512,20
10,0.742247442,0.694013312,0.707585499,0.716936252,16,8,512,10
10,0.594925442,0.700665188,0.579524282,0.716936252,128,16,64,10
10,0.617392671,0.698447893,0.597888784,0.716936252,8,64,64,10
40,0.594876108,0.701773833,0.565368315,0.716936252,32,16,256,40
10,0.647352747,0.698447901,0.617682015,0.716936252,64,64,512,10
10,0.636797954,0.698447893,0.602851435,0.716936252,16,64,128,10
10,0.761396728,0.697339243,0.712892121,0.716936252,8,16,256,10
10,0.660444058,0.699556536,0.607672204,0.716936252,512,32,512,10
20,0.624748804,0.698447893,0.598537563,0.716936252,8,8,64,20
20,0.636011899,0.691796005,0.593638267,0.716936252,16,16,256,20
10,0.62037429,0.701773836,0.599021581,0.716936251,8,32,64,10
20,0.615741885,0.698447893,0.580413511,0.716936251,8,256,64,20
10,0.639035812,0.698447893,0.617065171,0.716936251,16,128,64,10
10,0.649026311,0.698447893,0.604920493,0.716936251,16,512,128,10
10,0.622292869,0.698447901,0.586500389,0.716936251,512,16,512,10
10,0.668001471,0.69844789,0.614967087,0.716936251,32,512,256,10
10,0.614993926,0.700665186,0.590995176,0.716936251,64,16,256,10
10,0.618460214,0.698447893,0.594316439,0.716936251,32,64,128,10
40,0.602273695,0.696230594,0.581210846,0.716936251,16,16,512,40
10,0.668796028,0.700665196,0.632874225,0.71693625,8,64,512,10
10,0.623650634,0.698447893,0.590884223,0.71693625,8,256,64,10
80,0.675536833,0.695121946,0.627454723,0.716460514,8,8,512,80
10,0.636738335,0.70177384,0.611070666,0.716460514,16,64,256,10
10,0.62315621,0.698447893,0.586681768,0.716460514,8,512,64,10
10,0.665824146,0.69844789,0.618931677,0.716460514,64,512,256,10
10,0.637960864,0.698447893,0.612855399,0.716460514,16,512,64,10
10,0.640233596,0.698447893,0.604818909,0.716460514,32,128,64,10
10,0.625964298,0.697339246,0.597172119,0.716460514,16,64,64,10
10,0.641159548,0.69844789,0.60023597,0.716460514,64,256,256,10
10,0.684534135,0.699556537,0.618120172,0.716460514,512,256,256,10
10,0.615676783,0.698447893,0.596260277,0.716460514,8,128,64,10
10,0.655210806,0.698447893,0.623215165,0.716460514,32,512,128,10
10,0.632709548,0.69844789,0.605392303,0.716460514,32,32,256,10
20,0.671874347,0.697339241,0.643924603,0.716460513,8,16,512,20
10,0.62468991,0.698447893,0.597727758,0.716460513,32,64,64,10
20,0.627389692,0.700665193,0.609421959,0.716460513,8,16,256,20
10,0.619388,0.698447893,0.600824016,0.716460513,8,128,128,10
10,0.607214043,0.699556541,0.589413117,0.716460513,64,64,64,10
10,0.605579583,0.698447893,0.587151751,0.715984777,128,32,128,10
10,0.751072275,0.698447901,0.671442274,0.715984777,512,512,512,10
10,0.67173319,0.696230599,0.608158202,0.715984777,128,512,128,10
10,0.606620716,0.700665188,0.583115098,0.715984777,16,16,64,10
10,0.643023355,0.699556549,0.619033209,0.715984777,16,128,512,10
10,0.665944466,0.690687369,0.632506816,0.715984777,64,16,512,10
10,0.655016617,0.698447893,0.604676942,0.715984776,16,256,64,10
10,0.61981333,0.699556541,0.597645412,0.715984776,16,8,128,10
20,0.634606353,0.69844789,0.601271473,0.715984776,64,512,256,20
10,0.64394725,0.698447893,0.605411949,0.715984776,32,128,128,10
10,0.695102759,0.698447889,0.643099944,0.715984776,128,256,512,10
10,0.652130265,0.694013301,0.636140613,0.71550904,32,8,256,10
10,0.636887194,0.698447893,0.612577259,0.715509039,32,256,64,10
10,0.616285113,0.69844789,0.596453395,0.715509039,32,128,256,10
10,0.6373706,0.694013304,0.602540264,0.715509039,32,16,128,10
10,0.631983908,0.699556541,0.610322112,0.715509039,128,256,128,10
10,0.68336426,0.69844789,0.638990645,0.715033302,128,512,256,10
10,0.616359634,0.69844789,0.605046443,0.715033302,512,32,256,10
10,0.647317074,0.691796017,0.614130936,0.715033302,128,16,512,10
40,0.636531201,0.699556549,0.614962993,0.715033301,32,8,512,40
10,0.661002524,0.698447893,0.629088367,0.714557565,32,512,64,10
10,0.703134878,0.698447889,0.641473399,0.714557565,256,512,512,10
10,0.630833134,0.701773836,0.599092107,0.714557565,32,8,128,10
10,0.618116531,0.698447893,0.604852704,0.714557564,128,64,128,10
10,0.687918275,0.698447893,0.633500673,0.714557564,64,512,64,10
10,0.679380418,0.700665183,0.661284626,0.714557564,32,8,512,10
10,0.671494827,0.702882483,0.628963451,0.714557563,128,512,64,10
10,0.63037412,0.700665196,0.622698239,0.714081827,16,32,512,10
20,0.643679166,0.697339241,0.614278339,0.714081826,8,8,512,20
10,0.620554473,0.699556545,0.598513955,0.71360609,64,8,256,10
10,0.64166936,0.69512195,0.622415644,0.71360609,16,32,256,10
10,0.793974464,0.68514412,0.785283966,0.713606089,8,16,512,10
20,0.709177189,0.688470074,0.672008893,0.713130353,8,32,512,20
10,0.648522161,0.697339243,0.611014782,0.712654615,32,16,256,10
20,0.635680278,0.690687369,0.606968346,0.712178877,16,16,512,20
10,0.678248717,0.69844789,0.626875148,0.71170314,256,512,256,10
10,0.678275103,0.698447898,0.634827655,0.711227402,8,32,256,10
10,0.728051182,0.691796009,0.700800673,0.710275928,16,8,64,10
10,0.677628388,0.685144122,0.669361642,0.707897241,16,16,256,10
20,0.638241095,0.68514412,0.622597002,0.707897241,16,8,512,20
20,0.773060631,0.670731705,0.71269375,0.703615604,8,8,256,20
10,0.779312273,0.672949002,0.732600482,0.703139867,8,16,128,10
10,0.640520016,0.681818182,0.635174901,0.70076118,8,16,64,10
10,0.702967231,0.655210647,0.706173184,0.666508088,16,8,256,10
40,0.688042622,0.652993345,0.662739143,0.647954328,8,8,512,40
10,3.017046098,0.301552111,3.107888359,0.282112274,8,8,512,10
